Reg. #/ File Sym,Physcial Form.,Product Name (PBN),Use,Use Site,"App.
Target","App.
Type","App.
Equipment","App.
Timing (Site Status)","App.
Timing (other)","A.I.
Max Single Rate
/ App. (lb a.i./A)","Max # Apps
/ C.C.","A. I.
Max Total Rate
/ C.C. (lb a.i./A","Max # Apps
/ Yr.","A. I.
Max Total Rate
/ Yr. (lb a.i./A)","MRI
(days)",PHI (days),Additional Information,Max No. of CC/yr,Geographic Restrictions,Drift Restrictions,Soil Restrictions,On-field Non-target Species Restrictions,Additional Restrictions for Use/Use Site
264-REGG,WG,PLENEXOS SMART (SPD+FPF: flupyradifurone rates),Citrus Fruit (CG 10-10),Agricultural (Outdoor),Foliage/Plant,Broadcast,"Airblast sprayer or similar ground equipment, fixed or rotary winged aircraft",Post-emergence,When pests occur,0.18,2,0.36,2,0.365,10,1,"Maximum flupyradifurone per calendar year is 0.365 lb ai/A, regardless of formulation or method of application.",1,"NY restriction flupyradifurone: No aerial application in New York State. Not for sale, distribution or use in Nassau and Suffolk Counties (except under FIFRA 24(c)/SLN)","Wind speed limit (mph): 15 mph.              Buffers for orchard crops/ citrus (ft): Aerial 85-115; Airblast/ Ground 50-60
Max Release Height (ft):10
ASABE Droplet Size: Coarse or Coarser",N/A,DO NOT apply to crop foliage during foraging by alfalfa leafcutting bees used for pollination services.,DO NOT tank mix with azole fungicides (FRAC group 3) during bloom period; DO NOT apply non-ionic surfactants in tank mix combination with PLENEXOS SMART on white grapefruit when fruit is present; No aerial application in New York State
264-REGG,WG,PLENEXOS SMART (SPD+FPF: flupyradifurone rates),Pome Fruit (CG 11-10),Agricultural (Outdoor),Foliage/Plant,Broadcast,"Airblast sprayer or similar ground equipment, fixed or rotary winged aircraft",Post-emergence,When pests occur,0.18,2,0.36,2,0.365,10,14,"Maximum flupyradifurone per calendar year is 0.365 lb ai/A, regardless of formulation or method of application.",1,"NY restriction flupyradifurone: No aerial application in New York State. Not for sale, distribution or use in Nassau and Suffolk Counties (except under FIFRA 24(c)/SLN)","Wind speed limit (mph): ≤15 mph.              Buffers for orchard crops/ citrus (ft): Aerial 85-115; Airblast/ Ground 50-60
Max Release Height (ft):10
ASABE Droplet Size: Coarse or Coarser",N/A,DO NOT apply to crop foliage during foraging by alfalfa leafcutting bees used for pollination services.,"DO NOT tank mix with azole fungicides (FRAC group 3) during bloom period; The use of Induce® adjuvant in combination with PLENEXOS SMART on grape, pome fruits, and stone fruits is prohibited when fruit is present due to adverse plant compatibility on harvested commodities; [This product contains flupyradifurone, DO NOT apply PLENEXOS SMART with horticultural oils to pear in late-season or during periods of above average temperatures]; No aerial application in New York State"
264-REGG,WG,PLENEXOS SMART (SPD+FPF: flupyradifurone rates),Stone Fruit (CG 12-12),Agricultural (Outdoor),Foliage/Plant,Broadcast,"Airblast sprayer or similar ground equipment, fixed or rotary winged aircraft",Post-emergence,When pests occur,0.18,2,0.36,2,0.365,10,14,"Maximum flupyradifurone per calendar year is 0.365 lb ai/A, regardless of formulation or method of application.",1,"NY restriction flupyradifurone: No aerial application in New York State. Not for sale, distribution or use in Nassau and Suffolk Counties (except under FIFRA 24(c)/SLN)","Wind speed limit (mph): ≤15 mph.              Buffers for orchard crops/ citrus (ft): Aerial 85-115; Airblast/ Ground 50-60
Max Release Height (ft):10
ASABE Droplet Size: Coarse or Coarser",N/A,DO NOT apply to crop foliage during foraging by alfalfa leafcutting bees used for pollination services.,"DO NOT apply prior to petal-fall on stone fruit crops; DO NOT tank mix with azole fungicides (FRAC group 3) during bloom period; The use of Induce® adjuvant in combination with PLENEXOS SMART on grape, pome fruits, and stone fruits is prohibited when fruit is present due to adverse plant compatibility on harvested commodities; No aerial application in New York State"
264-REGG,WG,PLENEXOS SMART (SPD+FPF: flupyradifurone rates),Small Fruit Vine Climbing- Except Fuzzy Kiwifruit (CG 13-07F),Agricultural (Outdoor),Foliage/Plant,Broadcast,"Airblast Ssprayer or similar ground equipment, fixed or rotary winged aircraft",Post-emergence,When pests occur,0.18,2,0.36,2,0.365,10,7,"Maximum flupyradifurone per calendar year is 0.365 lb ai/A, regardless of formulation or method of application.",1,"NY restriction flupyradifurone: No aerial application in New York State. Not for sale, distribution or use in Nassau and Suffolk Counties (except under FIFRA 24(c)/SLN)","Wind speed limit (mph): ≤15 mph.              Buffers for orchard crops/ citrus (ft): Aerial 85-115; Airblast/ Ground 50-60
Max Release Height (ft):10
ASABE Droplet Size: Coarse or Coarser",N/A,DO NOT apply to crop foliage during foraging by alfalfa leafcutting bees used for pollination services.,"DO NOT tank mix with azole fungicides (FRAC group 3) during bloom period; The use of Induce® adjuvant in combination with PLENEXOS SMART on grape, pome fruits, and stone fruits is prohibited when fruit is present due to adverse plant compatibility on harvested commodities; No aerial application in New York State"
264-REGG,WG,PLENEXOS SMART (SPD+FPF: flupyradifurone rates),"Tree Nuts (CG 14-12, except almond)",Agricultural (Outdoor),Foliage/Plant,Broadcast,"Airblast sprayer or similar ground equipment, fixed or rotary winged aircraft",Post-emergence,When pests occur,0.18,2,0.36,2,0.365,10,14,"Maximum flupyradifurone per calendar year is 0.365 lb ai/A, regardless of formulation or method of application.",1,"NY restriction flupyradifurone: No aerial application in New York State. Not for sale, distribution or use in Nassau and Suffolk Counties (except under FIFRA 24(c)/SLN)","Wind speed limit (mph): ≤15 mph.              Buffers for orchard crops/ citrus (ft): Aerial 85-115; Airblast/ Ground 50-60
Max Release Height (ft):10
ASABE Droplet Size: Coarse or Coarser",N/A,DO NOT apply to crop foliage during foraging by alfalfa leafcutting bees used for pollination services.,DO NOT tank mix with azole fungicides (FRAC group 3) during bloom period; No aerial application in New York State
264-1141,SL,SIVANTO 200 SL,"Alfalfa (grown for Forage, Fodder, Straw, and Hay)",Agricultural (Outdoor),Foliar,Broadcast,"ground sprayers, fixed or rotary winged aircraft, or through properly designed, sprinkler-type overhead chemigation equipment",Post-emergence,When pests occur,0.183,NS,0.365,NS,0.365,7,1,Minimum Application Volume: 10 Gallons/Acre - Ground; 3 Gallons/Acre - Aerial,3,"NY restriction flupyradifurone: No aerial application in New York State. Not for sale, distribution or use in Nassau and Suffolk Counties (except under FIFRA 24(c)/SLN)","Max Release Height (ft): 10

ASABE Droplet Size: Coarse",N/A,"Pollinators: recommended that foliar insecticides are applied late in the afternoon, evening, or at night outside of daily peak foraging periods.Do not apply to crop foliage during foraging by alfalfa leafcutting bees used for pollination services.",Do not use on Alfalfa Grown for Seed; DO NOT tank mix with azole fungicides (FRAC group 3) during bloom period; No aerial application in New York State
264-1141,SL,SIVANTO 200 SL,Brassica Head and Stem Vegetables and Kohlrabi (CG 5-16),Agricultural (Outdoor),Foliar,Broadcast,"ground sprayers, fixed or rotary winged aircraft, or through properly designed, sprinkler-type overhead chemigation equipment",Post-emergence,When pests occur,0.183,NS,0.365,NS,1.095,7,1,Minimum Application Volume: 10 Gallons/Acre - Ground; 3 Gallons/Acre - Aerial,3,"NY restriction flupyradifurone: No aerial application in New York State. Not for sale, distribution or use in Nassau and Suffolk Counties (except under FIFRA 24(c)/SLN)","Max Release Height (ft): 10

ASABE Droplet Size: Coarse",N/A,"Pollinators: recommended that foliar insecticides are applied late in the afternoon, evening, or at night outside of daily peak foraging periods. Do not apply to crop foliage during foraging by alfalfa leafcutting bees used for pollination services.",DO NOT tank mix with azole fungicides (FRAC group 3) during bloom period; No aerial application in New York State
264-1141,SL,SIVANTO 200 SL,Brassica Head and Stem Vegetables and Kohlrabi (CG 5-16),Agricultural (Outdoor),Soil,Chemigation/ Injection/ Drench,"Chemigation low-pressure drip, trickle, micro-sprinkler, injection for planting, potting hole drench or post-transplant drench",Pre-emergence/ Post-emergence,When pests occur,0.365,1,0.365,NS,1.095,NS,21,"Chemigation into root zone through low-pressure drip, trickle, micro-sprinkler or equiv. equipment; Injection below the eventual seed line prior to planting. Place product 3-4 inches below seed line; Potting hole drench at transplanting; Post-transplant drench following setting and covering",3,"NY restriction flupyradifurone: Not for sale, distribution or use in Nassau and Suffolk Counties (except under FIFRA 24(c)/SLN)",NA,For soil injection: Place SIVANTO 200 SL 3-4 inches below seed line,,
264-1141,SL,SIVANTO 200 SL,Bushberry (subgroup 13-07B),Agricultural (Outdoor),Foliar,Broadcast,"ground sprayers, fixed or rotary winged aircraft, or through properly designed, sprinkler-type overhead chemigation equipment",Post-emergence,When pests occur,0.183,NS,0.365,NS,0.365,7,3,Minimum Application Volume: 25 Gallons/Acre - Ground; 10 Gallons/Acre - Aerial,1,"NY restriction flupyradifurone: No aerial application in New York State. Not for sale, distribution or use in Nassau and Suffolk Counties (except under FIFRA 24(c)/SLN)","Max Release Height (ft): 10

ASABE Droplet Size: Coarse",N/A,"Pollinators: recommended that foliar insecticides are applied late in the afternoon, evening, or at night outside of daily peak foraging periods. Do not apply to crop foliage during foraging by alfalfa leafcutting bees used for pollination services.",DO NOT tank mix with azole fungicides (FRAC group 3) during bloom period; No aerial application in New York State
264-1141,SL,SIVANTO 200 SL,Caneberry (subgroup 13-07A),Agricultural (Outdoor),Foliar,Broadcast,"ground sprayers, fixed or rotary winged aircraft, or through properly designed, sprinkler-type overhead chemigation equipment",Post-emergence,When pests occur,0.183,NS,0.365,NS,0.365,7,0,Minimum Application Volume: 30 Gallons/Acre - Ground; 3 Gallons/Acre - Aerial,1,"NY restriction flupyradifurone: No aerial application in New York State. Not for sale, distribution or use in Nassau and Suffolk Counties (except under FIFRA 24(c)/SLN)","Max Release Height (ft): 10

ASABE Droplet Size: Coarse",N/A,"Pollinators: recommended that foliar insecticides are applied late in the afternoon, evening, or at night outside of daily peak foraging periods. Do not apply to crop foliage during foraging by alfalfa leafcutting bees used for pollination services.",DO NOT tank mix with azole fungicides (FRAC group 3) during bloom period; No aerial application in New York State
264-1141,SL,SIVANTO 200 SL,"Cereal Grains (CG 15), Forage, Fodder and Straw of Cereal Grains (CG 16) and Quinoa (including production for seed)",Agricultural (Outdoor),Foliar,Broadcast,"ground sprayers, fixed or rotary winged aircraft, or through properly designed, sprinkler-type overhead chemigation equipment",Post-emergence,When pests occur,0.183,NS,0.365,NS,0.365,7,"7-days hay, forage, sorghum grown for syrup, or sweet corn; 21-days dried grain, stover or straw",Minimum Application Volume: 10 Gallons/Acre - Ground; 3 Gallons/Acre - Aerial,1,"NY restriction flupyradifurone: No aerial application in New York State. Not for sale, distribution or use in Nassau and Suffolk Counties (except under FIFRA 24(c)/SLN)","Max Release Height (ft): 10

ASABE Droplet Size: Coarse",N/A,"Pollinators: recommended that foliar insecticides are applied late in the afternoon, evening, or at night outside of daily peak foraging periods. Do not apply to crop foliage during foraging by alfalfa leafcutting bees used for pollination services.",DO NOT tank mix with azole fungicides (FRAC group 3) during bloom period; No aerial application in New York State
264-1141,SL,SIVANTO 200 SL,Christmas Trees,Agricultural (Outdoor),Foliar,Broadcast,"ground sprayers, fixed or rotary winged aircraft, or through properly designed, sprinkler-type overhead chemigation equipment",Post-emergence,When pests occur,0.183,NS,NS,NS,NS,7,NS,Minimum Application Volume: 25 Gallons/Acre - Ground; 10 Gallons/Acre - Aerial,1,"NY restriction flupyradifurone: No aerial application in New York State. Not for sale, distribution or use in Nassau and Suffolk Counties (except under FIFRA 24(c)/SLN)","Max Release Height (ft): 10

ASABE Droplet Size: Coarse",N/A,"Pollinators: recommended that foliar insecticides are applied late in the afternoon, evening, or at night outside of daily peak foraging periods. Do not apply to crop foliage during foraging by alfalfa leafcutting bees used for pollination services.",DO NOT tank mix with azole fungicides (FRAC group 3) during bloom period; No aerial application in New York State
264-1141,SL,SIVANTO 200 SL,Citrus Fruit (CG 10-10),Agricultural (Outdoor),Foliar,Broadcast,"ground sprayers, fixed or rotary winged aircraft, or through properly designed, sprinkler-type overhead chemigation equipment",Post-emergence,When pests occur,0.183,NS,NS,2,0.365,10,1,"Minimum Application Volume: 50 Gallons/Acre - Ground; 10 Gallons/Acre - Aerial; For Florida only- minimum application volumes: 2.5 gallons/Acre (Ground); For Florida and Texas only: 3 gallons/Acre (Aerial) for control of Asian citrus psyllid. For control or suppression of other pests, application volumes should be increased to provide thorough and complete coverage to obtain adequate control.",1,"NY restriction flupyradifurone: No aerial application in New York State. Not for sale, distribution or use in Nassau and Suffolk Counties (except under FIFRA 24(c)/SLN)","Max Release Height (ft): 10

ASABE Droplet Size: Coarse",N/A,"Pollinators: recommended that foliar insecticides are applied late in the afternoon, evening, or at night outside of daily peak foraging periods. Do not apply to crop foliage during foraging by alfalfa leafcutting bees used for pollination services.",DO NOT tank mix with azole fungicides (FRAC group 3) during bloom period; No aerial application in New York State
264-1141,SL,SIVANTO 200 SL,Citrus Fruit (CG 10-10),Agricultural (Outdoor),Soil,Chemigation/ Shank injection/ Drench,"Chemigation low-pressure drip, trickle, micro-sprinkler, Shank or subsurface side-dress injection; Basal drench",Post-emergence,When pests occur,0.365,NS,NS,1,0.365,NS,30,"Chemigation into root zone through low-pressure drip, trickle, micro-sprinkler or equiv. equipment; Basal drench in sufficient water to move into root zone",1,"NY restriction flupyradifurone: Not for sale, distribution or use in Nassau and Suffolk Counties (except under FIFRA 24(c)/SLN)",N/A,,,
264-1141,SL,SIVANTO 200 SL,"Clover (Grown for Forage, Fodder, Seed, Straw, and Hay)",Agricultural (Outdoor),Foliar,Broadcast,"ground sprayers, fixed or rotary winged aircraft, or through properly designed, sprinkler-type overhead chemigation equipment",Post-emergence,When pests occur,0.183,NS,NS,NS,0.365,10,14,Minimum Application Volume: 10 Gallons/Acre - Ground; 3 Gallons/Acre - Aerial,1,"Only For Use in: Idaho, Oregon, and Washington.","Max Release Height (ft): 10

ASABE Droplet Size: Coarse",N/A,"Pollinators: recommended that foliar insecticides are applied late in the afternoon, evening, or at night outside of daily peak foraging periods. Do not apply to crop foliage during foraging by alfalfa leafcutting bees used for pollination services.","DO NOT tank mix with azole fungicides (FRAC group 3) during bloom period; Only For Use in: Idaho, Oregon, and Washington."
264-1141,SL,SIVANTO 200 SL,Coffee,Agricultural (Outdoor),Foliar,Broadcast,"ground sprayers, fixed or rotary winged aircraft, or through properly designed, sprinkler-type overhead chemigation equipment",Post-emergence,When pests occur,0.183,NS,NS,NS,0.365,7,0,Minimum Application Volume: 10 Gallons/Acre - Ground; 3 Gallons/Acre - Aerial,1,"NY restriction flupyradifurone: No aerial application in New York State. Not for sale, distribution or use in Nassau and Suffolk Counties (except under FIFRA 24(c)/SLN)","Max Release Height (ft): 10

ASABE Droplet Size: Coarse",N/A,"Pollinators: recommended that foliar insecticides are applied late in the afternoon, evening, or at night outside of daily peak foraging periods. Do not apply to crop foliage during foraging by alfalfa leafcutting bees used for pollination services.",DO NOT tank mix with azole fungicides (FRAC group 3) during bloom period; No aerial application in New York State
264-1141,SL,SIVANTO 200 SL,Cottonseed (Subgroup 20C),Agricultural (Outdoor),Foliar (Including Production for Seed),Broadcast,"ground sprayers, through properly designed, sprinkler-type overhead chemigation equipment, overhead irrigation system,",Post-emergence,When pests occur,0.183,NS,NS,NS,0.365,10,14,Minimum Application Volume: 10 Gallons/Acre - Ground; 3 Gallons/Acre - Aerial,1,"NY restriction flupyradifurone: No aerial application in New York State. Not for sale, distribution or use in Nassau and Suffolk Counties (except under FIFRA 24(c)/SLN)","Max Release Height (ft): 10

ASABE Droplet Size: Coarse",N/A,"Pollinators: recommended that foliar insecticides are applied late in the afternoon, evening, or at night outside of daily peak foraging periods.",DO NOT tank mix with azole fungicides (FRAC group 3) during bloom period; No aerial application in New York State
264-1141,SL,SIVANTO 200 SL,Cucurbit Vegetables (CG 9) Planthouse,Planthouse/ Nursery (Inside),Foliar,Broadcast/ Drench,tray drench; uniform high-volume foliar spray followed by overhead irrigation wash; injection into overhead irrigation,Post-emergence,When pests occur,"0.34 fl oz/ 10,000 plants (0.011 lb ai)",NS,"0.34 fl oz/ 10,000 plants in planthouse; 0.365 lb ai/A for total planthouse",NS,NS,NS,21,"Apply specified dosage to seedlings in trays in the planthouse, targeting potting media (tray drench) between 24 hours and 7 days prior to transplanting, in one of the following methods: Uniform, broadcast high-volume foliar spray, followed by overhead irrigation wash; injection into overhead irrigation system; An additional field application must be made within 2 weeks following transplanting to provide continuous protection.",1,"NY restriction flupyradifurone: Not for sale, distribution or use in Nassau and Suffolk Counties (except under FIFRA 24(c)/SLN)",N/A,N/A,Do not apply to crop foliage during foraging by alfalfa leafcutting bees used for pollination services.,"Only for use on seedlings intended as transplants. Not for use in greenhouses; Apply specified dosage to seedlings in trays in the planthouse, targeting potting media (tray drench) between 24 hours and 7 days prior to transplanting"
264-1141,SL,SIVANTO 200 SL,Cucurbit Vegetables (CG 9),Agricultural (Outdoor),Foliar,Broadcast,"ground sprayers, fixed or rotary winged aircraft, or through properly designed, sprinkler-type overhead chemigation equipment",Post-emergence,When pests occur,0.183,NS,NS,NS,0.365,7,1,Minimum Application Volume: 10 Gallons/Acre - Ground; 3 Gallons/Acre - Aerial,NS,"NY restriction flupyradifurone: No aerial application in New York State. Not for sale, distribution or use in Nassau and Suffolk Counties (except under FIFRA 24(c)/SLN)","Max Release Height (ft): 10

ASABE Droplet Size: Coarse",N/A,"Pollinators: recommended that foliar insecticides are applied late in the afternoon, evening, or at night outside of daily peak foraging periods. Do not apply to crop foliage during foraging by alfalfa leafcutting bees used for pollination services.","DO NOT tank mix with azole fungicides (FRAC group 3) during bloom period; No aerial application in New York State. Do not apply as a foliar application to muskmelon (hybrids and/or cultivars of Cucumis melo including true cantaloupe, cantaloupe, casaba, Crenshaw melon, golden pershaw melon, honeydew melon, honey balls, mango melon, Persian melon, pineapple melon, Santa Claus melon, and snake melon)."
264-1141,SL,SIVANTO 200 SL,Cucurbit Vegetables (CG 9),Agricultural (Outdoor),Soil,Chemigation/ Injection/ Drench,"Chemigation low-pressure drip, trickle, micro-sprinkler or equiv. equipment; Injection prior to planting; Potting Drench; Post-transplant drench",Pre-emergence/ Post-emergence,When pests occur,0.365,1,0.365,NS,1.095,NS,21,"May be applied at the specified dosage by the following methods: Chemigation into root zone through low-pressure drip, trickle, micro-sprinkler or equiv. equipment; Injection below the eventual seed line prior to planting.Place product  3-4 inches below seed line; Potting hole drench at transplanting; Post-transplant drench following setting and covering",3,"NY restriction flupyradifurone: Not for sale, distribution or use in Nassau and Suffolk Counties (except under FIFRA 24(c)/SLN)",N/A,For Injection: Place SIVANTO 200 SL 3-4 inches below the seed line,,
264-1141,SL,SIVANTO 200 SL,Fruiting Vegetables (CG 8-10) Planthouse,Planthouse/ Nursery (Inside),Foliar/ Drench,Broadcast/ Drench,tray drench; uniform high-volume foliar spray followed by overhead irrigation wash; injection into overhead irrigation,Post-emergence,When pests occur,"0.34 fl oz/ 10,000 plants (0.011 lb ai)",NS,"0.34 fl oz/ 10,000 plants in planthouse; 0.365 lb ai/A for total planthouse + foliar",NS,1.095,NS,45,"Apply specified dosage to seedlings in trays in the planthouse, targeting potting media (tray drench) between 24 hours and 7 days prior to transplanting, in one of the following methods: Uniform, broadcast high-volume foliar spray, followed by overhead irrigation wash; injection into overhead irrigation system; An additional field application must be made within 2 weeks following transplanting to provide continuous protection.",3,"NY restriction flupyradifurone: Not for sale, distribution or use in Nassau and Suffolk Counties (except under FIFRA 24(c)/SLN)",N/A,N/A,,"Only for use on seedlings intended as transplants. Not for use in Greenhouses; Apply specified dosage to seedlings in trays in the planthouse, targeting potting media (tray drench) between 24 hours and 7 days prior to transplanting"
264-1141,SL,SIVANTO 200 SL,Fruiting Vegetables (CG 8-10),Agricultural (Outdoor),Soil,Chemigation/ Injection/ Drench,"chemigation low-pressure drip, trickle, micro-sprinkler or equiv. equipment; Injection prior to planting; Potting Drench; Post-transplant drench",Pre-emergence/ Post-emergence,When pests occur,0.365,1,0.365,NS,1.095,NS,45,"May be applied at the specified dosage by the following methods: Chemigation into root zone through low-pressure drip, trickle, micro-sprinkler or equv. equipment; Injection below the eventual seed line prior to planting. Place product 3-4 inches below seed line; Potting hole drench at transplanting; Post-transplant drench following setting and covering",3,"NY restriction flupyradifurone: Not for sale, distribution or use in Nassau and Suffolk Counties (except under FIFRA 24(c)/SLN)",N/A,For injection: Place SIVANTO 200 SL 3-4 inches below the seed line,,
264-1141,SL,SIVANTO 200 SL,Fruiting Vegetables (CG 8-10),Agricultural (Outdoor),Foliar,Broadcast,"ground sprayers, fixed or rotary winged aircraft, or through properly designed, sprinkler-type overhead chemigation equipment",Post-emergence,When pests occur,0.183,NS,0.365,NS,0.365,7,1,Minimum Application Volume: 10 Gallons/Acre - Ground; 3 Gallons/Acre - Aerial,1,"NY restriction flupyradifurone: No aerial application in New York State. Not for sale, distribution or use in Nassau and Suffolk Counties (except under FIFRA 24(c)/SLN)","Max Release Height (ft): 10

ASABE Droplet Size: Coarse",N/A,"Pollinators: recommended that foliar insecticides are applied late in the afternoon, evening, or at night outside of daily peak foraging periods.Do not apply to crop foliage during foraging by alfalfa leafcutting bees used for pollination services.",DO NOT tank mix with azole fungicides (FRAC group 3) during bloom period; No aerial application in New York State
264-1141,SL,SIVANTO 200 SL,"Grass Forage, Fodder and Hay (CG 17)",Agricultural (Outdoor),Foliar,Broadcast,"ground sprayers, fixed or rotary winged aircraft, or through properly designed, sprinkler-type overhead chemigation equipment",Post-emergence,When pests occur,0.183,NS,0.365,NS,0.365,NS,7,Minimum Application Volume: 10 Gallons/Acre - Ground; 3 Gallons/Acre - Aerial,1,Only For Use in: Idaho and Oregon.,"Max Release Height (ft): 10

ASABE Droplet Size: Coarse",N/A,"Pollinators: recommended that foliar insecticides are applied late in the afternoon, evening, or at night outside of daily peak foraging periods.Do not apply to crop foliage during foraging by alfalfa leafcutting bees used for pollination services.",DO NOT tank mix with azole fungicides (FRAC group 3) during bloom period. Only For Use in: Idaho and Oregon.
264-1141,SL,SIVANTO 200 SL,Hop,Agricultural (Outdoor),Foliar,Broadcast,"ground sprayers, fixed or rotary winged aircraft, or through properly designed, sprinkler-type overhead chemigation equipment",Post-emergence,When pests occur,0.14,1,0.14,1,0.14,NS,21,Minimum Application Volume: 25 Gallons/Acre - Ground; 10 Gallons/Acre - Aerial,1,"NY restriction flupyradifurone: No aerial application in New York State. Not for sale, distribution or use in Nassau and Suffolk Counties (except under FIFRA 24(c)/SLN)","Max Release Height (ft): 10

ASABE Droplet Size: Coarse",N/A,"Pollinators: recommended that foliar insecticides are applied late in the afternoon, evening, or at night outside of daily peak foraging periods. Do not apply to crop foliage during foraging by alfalfa leafcutting bees used for pollination services.",DO NOT tank mix with azole fungicides (FRAC group 3) during bloom period; No aerial application in New York State
264-1141,SL,SIVANTO 200 SL,"Kava (Leaves, Root)",Agricultural (Outdoor),Foliar,Broadcast,"ground sprayers, fixed or rotary winged aircraft, or through properly designed, sprinkler-type overhead chemigation equipment",Post-emergence,When pests occur,0.183,NS,0.365,NS,1.095,10,7,Minimum Application Volume: 10 Gallons/Acre - Ground; 3 Gallons/Acre - Aerial,3,"NY restriction flupyradifurone: No aerial application in New York State. Not for sale, distribution or use in Nassau and Suffolk Counties (except under FIFRA 24(c)/SLN)","Max Release Height (ft): 10

ASABE Droplet Size: Coarse",N/A,"Pollinators: recommended that foliar insecticides are applied late in the afternoon, evening, or at night outside of daily peak foraging periods. Do not apply to crop foliage during foraging by alfalfa leafcutting bees used for pollination services.",DO NOT tank mix with azole fungicides (FRAC group 3) during bloom period; No aerial application in New York State
264-1141,SL,SIVANTO 200 SL,Leaf Petiole Vegetable (CG 22B),Agricultural (Outdoor),Foliar,Broadcast,"ground sprayers, fixed or rotary winged aircraft, or through properly designed, sprinkler-type overhead chemigation equipment",Post-emergence,When pests occur,0.183,NS,0.365,NS,1.095,7,1,Minimum Application Volume: 10 Gallons/Acre - Ground; 3 Gallons/Acre - Aerial,3,"NY restriction flupyradifurone: No aerial application in New York State. Not for sale, distribution or use in Nassau and Suffolk Counties (except under FIFRA 24(c)/SLN)","Max Release Height (ft): 10

ASABE Droplet Size: Coarse",N/A,"Pollinators: recommended that foliar insecticides are applied late in the afternoon, evening, or at night outside of daily peak foraging periods. Do not apply to crop foliage during foraging by alfalfa leafcutting bees used for pollination services.",DO NOT tank mix with azole fungicides (FRAC group 3) during bloom period No aerial application in New York State
264-1141,SL,SIVANTO 200 SL,"Celtuce; Fennel, Fresh Leaves and Stalk (CG 22A))",Agricultural (Outdoor),Foliar,Broadcast,"ground sprayers, fixed or rotary winged aircraft, or through properly designed, sprinkler-type overhead chemigation equipment",Post-emergence,When pests occur,0.183,NS,0.365,NS,1.095,7,1,Minimum Application Volume: 10 Gallons/Acre - Ground; 3 Gallons/Acre - Aerial,3,"NY restriction flupyradifurone: No aerial application in New York State. Not for sale, distribution or use in Nassau and Suffolk Counties (except under FIFRA 24(c)/SLN)","Max Release Height (ft): 10

ASABE Droplet Size: Coarse",N/A,"Pollinators: recommended that foliar insecticides are applied late in the afternoon, evening, or at night outside of daily peak foraging periods. Do not apply to crop foliage during foraging by alfalfa leafcutting bees used for pollination services.",DO NOT tank mix with azole fungicides (FRAC group 3) during bloom period; No aerial application in New York State
264-1141,SL,SIVANTO 200 SL,Leafy Vegetables (CG 4-16),Agricultural (Outdoor),Foliar,Broadcast,"ground sprayers, fixed or rotary winged aircraft, or through properly designed, sprinkler-type overhead chemigation equipment",Post-emergence,When pests occur,0.183,NS,0.365,NS,1.095,7,1,Minimum Application Volume: 10 Gallons/Acre - Ground; 3 Gallons/Acre - Aerial,3,"NY restriction flupyradifurone: No aerial application in New York State. Not for sale, distribution or use in Nassau and Suffolk Counties (except under FIFRA 24(c)/SLN)","Max Release Height (ft): 10

ASABE Droplet Size: Coarse",N/A,"Pollinators: recommended that foliar insecticides are applied late in the afternoon, evening, or at night outside of daily peak foraging periods.Do not apply to crop foliage during foraging by alfalfa leafcutting bees used for pollination services.","DO NOT tank mix with azole fungicides (FRAC group 3) during bloom period; No aerial application in New York State. For applications made to watercress, production fields must be drained of water at least 24 hours prior to application and water must not be reapplied to the field for a minimum of 24 hours following the application."
264-1141,SL,SIVANTO 200 SL,Leafy Vegetables (CG 4-16),Agricultural (Outdoor),Soil,Chemigation/ Injection/ Drench,"Chemigation low-pressure drip, trickle, micro-sprinkler or equiv. equipment; Injection prior to planting; Potting Drench or Post-transplant drench",Pre-emergence/ Post-emergence,When pests occur,0.365,1,0.365,3,1.095,NS,21,"May be applied at the specified dosage by the following methods: Chemigation into root zone through low-pressure drip, trickle, micro-sprinkler or equiv. equipment; Injection below the eventual seed line prior to planting. Place product 3-4 inches below seed line; Potting hole drench at transplanting; Post-transplant drench following setting and covering",3,"NY restriction flupyradifurone: Not for sale, distribution or use in Nassau and Suffolk Counties (except under FIFRA 24(c)/SLN)",N/A,For injection: Place SIVANTO 200 SL 3-4 inches below the seed line,,"For applications made to watercress, production fields must be drained of water at least 24 hours prior to application and water must not be reapplied to the field for a minimum of 24 hours following the application."
264-1141,SL,SIVANTO 200 SL,Legume Vegetables (Succlent or Dried) (CG 6) and Foliage of Legume Vegetables (CG 7),Agricultural (Outdoor),Foliar,Broadcast,"ground sprayers, fixed or rotary winged aircraft, or through properly designed, sprinkler-type overhead chemigation equipment",Post-emergence,When pests occur,0.183,NS,0.365,NS,0.365,10,"7 days Forage, Leaves, Vines, Pods, Cutting for Hay, or Seed (fresh or dry, except dry soybean seed); 21 days dry soybean seed",Minimum Application Volume: 10 Gallons/Acre - Ground; 3 Gallons/Acre - Aerial,1,"NY restriction flupyradifurone: No aerial application in New York State. Not for sale, distribution or use in Nassau and Suffolk Counties (except under FIFRA 24(c)/SLN)","Max Release Height (ft): 10

ASABE Droplet Size: Coarse",N/A,"Pollinators: recommended that foliar insecticides are applied late in the afternoon, evening, or at night outside of daily peak foraging periods. Do not apply to crop foliage during foraging by alfalfa leafcutting bees used for pollination services.",DO NOT tank mix with azole fungicides (FRAC group 3) during bloom period; No aerial application in New York State
264-1141,SL,SIVANTO 200 SL,Low Growing Berry (Subgroup 13-07G),Agricultural (Outdoor),Foliar,Broadcast,"ground sprayers, fixed or rotary winged aircraft, or through properly designed, sprinkler-type overhead chemigation equipment",Post-emergence,When pests occur,0.183,NS,0.365,NS,0.365,10,0,Minimum Application Volume: 10 Gallons/Acre - Ground; 3 Gallons/Acre - Aerial,1,"NY restriction flupyradifurone: No aerial application in New York State. Not for sale, distribution or use in Nassau and Suffolk Counties (except under FIFRA 24(c)/SLN)","Max Release Height (ft): 10

ASABE Droplet Size: Coarse",N/A,"Pollinators: recommended that foliar insecticides are applied late in the afternoon, evening, or at night outside of daily peak foraging periods. Do not apply to crop foliage during foraging by alfalfa leafcutting bees used for pollination services.",DO NOT tank mix with azole fungicides (FRAC group 3) during bloom period; No aerial application in New York State
264-1141,SL,SIVANTO 200 SL,Peanut,Agricultural (Outdoor),Foliar,Broadcast,"ground sprayers, fixed or rotary winged aircraft, or through properly designed, sprinkler-type overhead chemigation equipment",Post-emergence,When pests occur,0.183,NS,0.365,NS,0.365,10,7,Minimum Application Volume: 10 Gallons/Acre - Ground; 3 Gallons/Acre - Aerial,1,"NY restriction flupyradifurone: No aerial application in New York State. Not for sale, distribution or use in Nassau and Suffolk Counties (except under FIFRA 24(c)/SLN)","Max Release Height (ft): 10

ASABE Droplet Size: Coarse",N/A,"Pollinators: recommended that foliar insecticides are applied late in the afternoon, evening, or at night outside of daily peak foraging periods. Do not apply to crop foliage during foraging by alfalfa leafcutting bees used for pollination services.",DO NOT tank mix with azole fungicides (FRAC group 3) during bloom period; No aerial application in New York State
264-1141,SL,SIVANTO 200 SL,Pineapple,Agricultural (Outdoor),Foliar,Broadcast,"ground sprayers, fixed or rotary winged aircraft, or through properly designed, sprinkler-type overhead chemigation equipment",Post-emergence,When pests occur,0.183,NS,0.365,NS,0.365,7,0,Minimum Application Volume: 10 Gallons/Acre - Ground; 3 Gallons/Acre - Aerial,1,"NY restriction flupyradifurone: No aerial application in New York State. Not for sale, distribution or use in Nassau and Suffolk Counties (except under FIFRA 24(c)/SLN)","Max Release Height (ft): 10

ASABE Droplet Size: Coarse",N/A,"Pollinators: recommended that foliar insecticides are applied late in the afternoon, evening, or at night outside of daily peak foraging periods. Do not apply to crop foliage during foraging by alfalfa leafcutting bees used for pollination services.",DO NOT tank mix with azole fungicides (FRAC group 3) during bloom period; No aerial application in New York State
264-1141,SL,SIVANTO 200 SL,Pome Fruit (CG 11-10),Agricultural (Outdoor),Foliar,Broadcast,"ground sprayers, fixed or rotary winged aircraft, or through properly designed, sprinkler-type overhead chemigation equipment",Post-emergence,When pests occur,0.183,NS,0.365,NS,0.365,10,14,Minimum Application Volume: 25 Gallons/Acre - Ground; 10 Gallons/Acre - Aerial,1,"NY restriction flupyradifurone: No aerial application in New York State. Not for sale, distribution or use in Nassau and Suffolk Counties (except under FIFRA 24(c)/SLN)","Max Release Height (ft): 10

ASABE Droplet Size: Coarse",N/A,"Pollinators: recommended that foliar insecticides are applied late in the afternoon, evening, or at night outside of daily peak foraging periods. Do not apply to crop foliage during foraging by alfalfa leafcutting bees used for pollination services.",DO NOT tank mix with azole fungicides (FRAC group 3) during bloom period; No aerial application in New York State. Do not apply with horticultural oils to pear in late-season or during periods of above average temperatures.
264-1141,SL,SIVANTO 200 SL,Rapeseed (Subgroup 20A),Agricultural (Outdoor),Foliar,Broadcast,"ground sprayers, fixed or rotary winged aircraft, or through properly designed, sprinkler-type overhead chemigation equipment",Post-emergence,When pests occur,0.183,NS,0.276,NS,0.276,NA,NA,Minimum Application Volume: 10 Gallons/Acre - Ground; 3 Gallons/Acre - Aerial,1,"NY restriction flupyradifurone: No aerial application in New York State. Not for sale, distribution or use in Nassau and Suffolk Counties (except under FIFRA 24(c)/SLN)","Max Release Height (ft): 10

ASABE Droplet Size: Coarse",N/A,"Pollinators: recommended that foliar insecticides are applied late in the afternoon, evening, or at night outside of daily peak foraging periods. Do not apply to crop foliage during foraging by alfalfa leafcutting bees used for pollination services.",DO NOT tank mix with azole fungicides (FRAC group 3) during bloom period; No aerial application in New York State. Do not apply after bolting (BBCH30: the plant stage when stem elongation starts).
264-1141,SL,SIVANTO 200 SL,"Root Vegetables, except Sugarbeet (Subgroup 1B)",Agricultural (Outdoor),Foliar,Broadcast,"ground sprayers, fixed or rotary winged aircraft, or through properly designed, sprinkler-type overhead chemigation equipment",Post-emergence,When pests occur,0.183,NS,0.365,NS,,10,7,Minimum Application Volume: 10 Gallons/Acre - Ground; 3 Gallons/Acre - Aerial,1,"NY restriction flupyradifurone: No aerial application in New York State. Not for sale, distribution or use in Nassau and Suffolk Counties (except under FIFRA 24(c)/SLN)","Max Release Height (ft): 10

ASABE Droplet Size: Coarse",N/A,"Pollinators: recommended that foliar insecticides are applied late in the afternoon, evening, or at night outside of daily peak foraging periods. Do not apply to crop foliage during foraging by alfalfa leafcutting bees used for pollination services.","DO NOT tank mix with azole fungicides (FRAC group 3) during bloom period; No aerial application in New York State. Do not harvest the tops (leaves) from any crop listed under Crop Subgroup 1B, except turnip greens and kava leaves, for human or livestock consumption."
264-1141,SL,SIVANTO 200 SL,Sesame,Agricultural (Outdoor),Foliar,Broadcast,"ground sprayers, fixed or rotary winged aircraft, or through properly designed, sprinkler-type overhead chemigation equipment",Post-emergence,When pests occur,0.183,NS,0.365,NS,0.365,10,14,Minimum Application Volume: 10 Gallons/Acre - Ground; 3 Gallons/Acre - Aerial,1,"NY restriction flupyradifurone: No aerial application in New York State. Not for sale, distribution or use in Nassau and Suffolk Counties (except under FIFRA 24(c)/SLN)","Max Release Height (ft): 10

ASABE Droplet Size: Coarse",N/A,"Pollinators: recommended that foliar insecticides are applied late in the afternoon, evening, or at night outside of daily peak foraging periods. Do not apply to crop foliage during foraging by alfalfa leafcutting bees used for pollination services.",DO NOT tank mix with azole fungicides (FRAC group 3) during bloom period; No aerial application in New York State
264-1141,SL,SIVANTO 200 SL,Small Fruit Vine Climbing - Except Fuzzy Kiwifruit (CG 13-07F),Agricultural (Outdoor),Foliar,Broadcast,"ground sprayers, fixed or rotary winged aircraft, or through properly designed, sprinkler-type overhead chemigation equipment",Post-emergence,When pests occur,0.183,NS,0.365,NS,0.365,10,0,Minimum Application Volume: 25 Gallons/Acre - Ground; 10 Gallons/Acre - Aerial,1,"NY restriction flupyradifurone: No aerial application in New York State. Not for sale, distribution or use in Nassau and Suffolk Counties (except under FIFRA 24(c)/SLN)","Max Release Height (ft): 10

ASABE Droplet Size: Coarse",N/A,"Pollinators: recommended that foliar insecticides are applied late in the afternoon, evening, or at night outside of daily peak foraging periods. Do not apply to crop foliage during foraging by alfalfa leafcutting bees used for pollination services.",DO NOT tank mix with azole fungicides (FRAC group 3) during bloom period;. No aerial application in New York State
264-1141,SL,SIVANTO 200 SL,Small Fruit Vine Climbing - Except Fuzzy Kiwifruit (CG 13-07F),Agricultural (Outdoor),Soil,Chemigation/ Drench,"Chemigation low-pressure drip, trickle, micro-sprinkler or equiv. equipment; Basal drench",Post-emergence,When pests occur,0.365,1,0.365,1,0.365,NS,30,"May be applied at the specified dosage by the following methods: Chemigation into root zone through low-pressure drip, trickle, micro-sprinkler or equiv. equipment; Basal drench in sufficient water to move into root zone",1,"NY restriction flupyradifurone: Not for sale, distribution or use in Nassau and Suffolk Counties (except under FIFRA 24(c)/SLN)",N/A,,,
264-1141,SL,SIVANTO 200 SL,Sorghum (Including sorghum grown for syrup),Agricultural (Outdoor),Soil,Chemigation/ In-furrow/ Injection/ Shank Injection,"Chemigation low-pressure drip, trickle, micro-sprinkler or equiv. equipment; Injection or in-furrow spray for planting; Shank Subsurface or Surface side-dress",Pre-emergence/ Post-emergence,When pests occur,0.365,NS,0.365,NS,0.365,NS,45,"May be applied at the specified dosage by the following methods: Injection below the eventual seed row prior to planting. Place product 3 - 4 inches below seed-line; In-furrow spray during planting; Chemigation into root-zone through low-pressure drip, trickle, micro-sprinkler or equiv. equipment; Subsurface side-dress shanked into the root zone on both sides of the plants; Surface side-dress followed by irrigation, a rain event or mechanically incorporated",1,"NY restriction flupyradifurone: Not for sale, distribution or use in Nassau and Suffolk Counties (except under FIFRA 24(c)/SLN)",N/A,For injection: Place SIVANTO 200 SL 3-4 inches below the seed line,,
264-1141,SL,SIVANTO 200 SL,Stalk and Stem Vegetables (CG 22A),Agricultural (Outdoor),Foliar,Broadcast,"ground sprayers, fixed or rotary winged aircraft, or through properly designed, sprinkler-type overhead chemigation equipment",Post-emergence,When pests occur,0.183,NS,0.365,NS,0.365,30,NS,Minimum Application Volume: 10 Gallons/Acre - Ground; 3 Gallons/Acre - Aerial,1,"NY restriction flupyradifurone: No aerial application in New York State. Not for sale, distribution or use in Nassau and Suffolk Counties (except under FIFRA 24(c)/SLN)","Only for Post-Harvest and Fern Stage use                                                            Max Release Height (ft): 10

ASABE Droplet Size: Coarse",N/A,"Pollinators: recommended that foliar insecticides are applied late in the afternoon, evening, or at night outside of daily peak foraging periods.Do not apply to crop foliage during foraging by alfalfa leafcutting bees used for pollination services.",DO NOT tank mix with azole fungicides (FRAC group 3) during bloom period; No aerial application in New York State. Only for Post-Harvest and Fern Stage use
264-1141,SL,SIVANTO 200 SL,Stone Fruit (CG 12-12),Agricultural (Outdoor),Foliar,Broadcast,"ground sprayers, fixed or rotary winged aircraft, or through properly designed, sprinkler-type overhead chemigation equipment",Post-emergence,When pests occur,0.183,NS,0.365,NS,0.365,10,14,Minimum Application Volume: 25 Gallons/Acre - Ground; 10 Gallons/Acre - Aerial,1,"NY restriction flupyradifurone: No aerial application in New York State. Not for sale, distribution or use in Nassau and Suffolk Counties (except under FIFRA 24(c)/SLN)","Max Release Height (ft): 10

ASABE Droplet Size: Coarse",N/A,"Pollinators: recommended that foliar insecticides are applied late in the afternoon, evening, or at night outside of daily peak foraging periods.Do not apply to crop foliage during foraging by alfalfa leafcutting bees used for pollination services.",DO NOT tank mix with azole fungicides (FRAC group 3) during bloom period; No aerial application in New York State.
N,SL,SIVANTO 200 SL,Sunflower (Subgroup 20B),Agricultural (Outdoor),Foliar,Broadcast,"ground sprayers, fixed or rotary winged aircraft, or through properly designed, sprinkler-type overhead chemigation equipment",Post-emergence,When pests occur,0.183,NS,0.365,NS,0.365,10,14,Minimum Application Volume: 10 Gallons/Acre - Ground; 3 Gallons/Acre - Aerial,1,"NY restriction flupyradifurone: No aerial application in New York State. Not for sale, distribution or use in Nassau and Suffolk Counties (except under FIFRA 24(c)/SLN)","Max Release Height (ft): 10

ASABE Droplet Size: Coarse",N/A,"Pollinators: recommended that foliar insecticides are applied late in the afternoon, evening, or at night outside of daily peak foraging periods.Do not apply to crop foliage during foraging by alfalfa leafcutting bees used for pollination services.",DO NOT tank mix with azole fungicides (FRAC group 3) during bloom period; No aerial application in New York State.
264-1141,SLN,SIVANTO 200 SL,Taro Leaves,Agricultural (Outdoor),Foliar,Broadcast,"ground sprayers, fixed or rotary winged aircraft, or through properly designed, sprinkler-type overhead chemigation equipment",Post-emergence,When pests occur,0.183,NS,0.365,NS,1.095,7,1,Minimum Application Volume: 10 Gallons/Acre - Ground; 3 Gallons/Acre - Aerial,3,"NY restriction flupyradifurone: No aerial application in New York State. Not for sale, distribution or use in Nassau and Suffolk Counties (except under FIFRA 24(c)/SLN)","Max Release Height (ft): 10

ASABE Droplet Size: Coarse",N/A,"Pollinators: recommended that foliar insecticides are applied late in the afternoon, evening, or at night outside of daily peak foraging periods.Do not apply to crop foliage during foraging by alfalfa leafcutting bees used for pollination services.",DO NOT tank mix with azole fungicides (FRAC group 3) during bloom period; No aerial application in New York State.
264-1141,SL,SIVANTO 200 SL,Taro Leaves,Agricultural (Outdoor),Soil,Chemigation/ Injection/ Drench,"Chemigation low-pressure drip, trickle, micro-sprinkler or equiv. equipment; Injection prior to planting; Potting hole drench or Post-transplant drench",Pre-emergencePost-emergence,When pests occur,0.365,1,0.365,3,1.095,NS,21,"May be applied at the specified dosage by the following methods: Chemigation into root zone through low-pressure drip, trickle, micro-sprinkler or equiv. equipment; Injection below the eventual seed line prior to planting. Place product 3-4 inches below seed line; Potting hole drench at transplanting; Post-transplant drench following setting and covering",3,"NY restriction flupyradifurone: Not for sale, distribution or use in Nassau and Suffolk Counties (except under FIFRA 24(c)/SLN)",,For Injection: Place 3-4 inches below seed line,,
264-1141,SL,SIVANTO 200 SL,Tobacco,Agricultural (Outdoor),Foliar,Broadcast,"ground sprayers, fixed or rotary winged aircraft, or through properly designed, sprinkler-type overhead chemigation equipment",Post-emergence,When pests occur,0.092,NS,0.365,NS,0.365,7,7,Minimum Application Volume: 10 Gallons/Acre - Ground; 3 Gallons/Acre - Aerial,1,"NY restriction flupyradifurone: No aerial application in New York State. Not for sale, distribution or use in Nassau and Suffolk Counties (except under FIFRA 24(c)/SLN)","Max Release Height (ft): 10

ASABE Droplet Size: Coarse",N/A,"Pollinators: recommended that foliar insecticides are applied late in the afternoon, evening, or at night outside of daily peak foraging periods.Do not apply to crop foliage during foraging by alfalfa leafcutting bees used for pollination services.",DO NOT tank mix with azole fungicides (FRAC group 3) during bloom period; No aerial application in New York State.
264-1141,SL,SIVANTO 200 SL,Tobacco Planthouse,Planthouse/ Nursery (Inside),Foliar,Broadcast/ Drench,"uniform broadcast spray followed by overhead irrigation to wash product from foliage into potting media, injection into overhead irrigation system",Post-emergence,When pests occur,"0.34 fl oz/ 10,000 plants (0.011 lb ai)",NS,"0.34 fl oz/ 10,000 plants in planthouse; 0.365 lb ai/A for total planthouse + foliar",NS,0.365,NS,7,"Apply specified dosage to seedlings in trays in the planthouse, targeting potting media (tray drench) between 24 hours and 7 days prior
to transplanting, in one of the following methods: uniform broadcast spray followed by overhead irrigation to wash product from foliage into potting media; Injection into overhead irrigation to saturate potting media in trays.",1,"NY restriction flupyradifurone: Not for sale, distribution or use in Nassau and Suffolk Counties (except under FIFRA 24(c)/SLN)",N/A,,,"Apply specified dosage to seedlings in trays in the planthouse, targeting potting media (tray drench) between 24 hours and 7 days prior to transplanting."
264-1141,SL,SIVANTO 200 SL,Tobacco,Agricultural (Outdoor),Soil,Drench,Post-transplant drench following setting and covering,Post-emergence,When pests occur,0.274,NS,0.365,NS,0.365,NS,NS,Soil drench application to be made no more than 30 days after transplanting.,1,"NY restriction flupyradifurone: Not for sale, distribution or use in Nassau and Suffolk Counties (except under FIFRA 24(c)/SLN)",,,,Soil drench application to be made no more than 30 days after transplanting.
264-1141,SL,SIVANTO 200 SL,"Tree Nuts (CG 14-12, except almond)",Agricultural (Outdoor),Foliar (Excluding Almonds),Broadcast,"ground sprayers, fixed or rotary winged aircraft, or through properly designed, sprinkler-type overhead chemigation equipment",Post-emergence,When pests occur,0.183,NS,0.365,NS,0.365,14,7,Minimum Application Volume: 25 Gallons/A - Ground; 10 Gallons/Acre - Aerial,1,"NY restriction flupyradifurone: No aerial application in New York State. Not for sale, distribution or use in Nassau and Suffolk Counties (except under FIFRA 24(c)/SLN)","Max Release Height (ft): 10

ASABE Droplet Size: Coarse",N/A,"Pollinators: recommended that foliar insecticides are applied late in the afternoon, evening, or at night outside of daily peak foraging periods.Do not apply to crop foliage during foraging by alfalfa leafcutting bees used for pollination services.",DO NOT tank mix with azole fungicides (FRAC group 3) during bloom period; No aerial application in New York State.
264-1141,SL,SIVANTO 200 SL,"Tropical and Subtropical, Cactus, Inedible Peel (Subgroup 24D)",Agricultural (Outdoor),Foliar,Broadcast,"ground sprayers, fixed or rotary winged aircraft, or through properly designed, sprinkler-type overhead chemigation equipment",Post-emergence,When pests occur,0.183,NS,0.365,NS,0.365,7,21,Minimum application volume: 75 Gallons/Acre,1,"NY restriction flupyradifurone: No aerial application in New York State. Not for sale, distribution or use in Nassau and Suffolk Counties (except under FIFRA 24(c)/SLN)","Max Release Height (ft): 10

ASABE Droplet Size: Coarse",N/A,"Pollinators: recommended that foliar insecticides are applied late in the afternoon, evening, or at night outside of daily peak foraging periods.Do not apply to crop foliage during foraging by alfalfa leafcutting bees used for pollination services.",DO NOT tank mix with azole fungicides (FRAC group 3) during bloom period; No aerial application in New York State.
264-1141,SL,SIVANTO 200 SL,"Tropical and Subtropical, Medium to Large Fruit, Smooth, Inedible Peep (Subgrop 24B)",Agricultural (Outdoor),Foliar,Broadcast,"ground sprayers, fixed or rotary winged aircraft, or through properly designed, sprinkler-type overhead chemigation equipment",Post-emergence,When pests occur,0.183,NS,0.365,NS,0.365,7 days pomegranate; 14 days other listed crops,0-day pomegranate; 1-day other listed crops,Minimum Application Volume: 25 Gallons/Acre - Ground; 10 Gallons/Acre - Aerial,1,"NY restriction flupyradifurone: No aerial application in New York State. Not for sale, distribution or use in Nassau and Suffolk Counties (except under FIFRA 24(c)/SLN)","Max Release Height (ft): 10

ASABE Droplet Size: Coarse",N/A,"Pollinators: recommended that foliar insecticides are applied late in the afternoon, evening, or at night outside of daily peak foraging periods.Do not apply to crop foliage during foraging by alfalfa leafcutting bees used for pollination services.",DO NOT tank mix with azole fungicides (FRAC group 3) during bloom period; No aerial application in New York State.
264-1141,SL,SIVANTO 200 SL,"Tropical and Subtropical, Palm Fruit, Edible Peel (Subgroup 23C)",Agricultural (Outdoor),Foliar,Broadcast,"ground sprayers, fixed or rotary winged aircraft, or through properly designed, sprinkler-type overhead chemigation equipment",Post-emergence,When pests occur,0.183,NS,0.365,NS,0.365,10,15,Minimum Application Volume: 10 Gallons/Acre - Ground; 3 Gallons/Acre - Aerial,1,"NY restriction flupyradifurone: No aerial application in New York State. Not for sale, distribution or use in Nassau and Suffolk Counties (except under FIFRA 24(c)/SLN)","Max Release Height (ft): 10

ASABE Droplet Size: Coarse",N/A,"Pollinators: recommended that foliar insecticides are applied late in the afternoon, evening, or at night outside of daily peak foraging periods.Do not apply to crop foliage during foraging by alfalfa leafcutting bees used for pollination services.",DO NOT tank mix with azole fungicides (FRAC group 3) during bloom period; No aerial application in New York State.
264-1141,SL,SIVANTO 200 SL,Tuberous and Corm Vegetables (Subgroup 1C),Agricultural (Outdoor),Foliar,Broadcast,"ground sprayers, fixed or rotary winged aircraft, or through properly designed, sprinkler-type overhead chemigation equipment",Post-emergence,When pests occur,0.183,NS,0.365,NS,0.365,7,7,Minimum Application Volume: 10 Gallons/Acre - Ground; 3 Gallons/Acre - Aerial,1,"NY restriction flupyradifurone: No aerial application in New York State. Not for sale, distribution or use in Nassau and Suffolk Counties (except under FIFRA 24(c)/SLN)","Max Release Height (ft): 10

ASABE Droplet Size: Coarse",N/A,"Pollinators: recommended that foliar insecticides are applied late in the afternoon, evening, or at night outside of daily peak foraging periods.Do not apply to crop foliage during foraging by alfalfa leafcutting bees used for pollination services.",DO NOT tank mix with azole fungicides (FRAC group 3) during bloom period; No aerial application in New York State.
264-1198,SL,SIVANTO 400 SL,"Alfalfa (grown for Forage, Fodder, Straw, and Hay)",Agricultural (Outdoor),Foliar,Broadcast,"ground sprayers, fixed or rotary winged aircraft, or through properly designed, sprinkler-type overhead chemigation equipment",Post-emergence,When pests occur,0.183,NS,0.365,NS,0.365,10,7,Minimum Application Volume: 10 Gallons/Acre - Ground; 3 Gallons/Acre - Aerial,1,"NY restriction flupyradifurone: No aerial application in New York State. Not for sale, distribution or use in Nassau and Suffolk Counties (except under FIFRA 24(c)/SLN)","Max Release Height (ft): 10

ASABE Droplet Size: Coarse",N/A,"Pollinators: recommended that foliar insecticides are applied late in the afternoon, evening, or at night outside of daily peak foraging periods.",Do not use on Alfalfa Grown for Seed. DO NOT tank mix with azole fungicides (FRAC group 3) during bloom period; No aerial application in New York State. Not commercial product.
264-1198,SL,SIVANTO 400 SL,Brassica (Cole) Leafy Vegetables (CG 5),Agricultural (Outdoor),Foliar,Broadcast,"ground sprayers, fixed or rotary winged aircraft, or through properly designed, sprinkler-type overhead chemigation equipment",Post-emergence,When pests occur,0.183,NS,0.365,NS,1.095,7,1,Minimum Application Volume: 10 Gallons/Acre - Ground; 3 Gallons/Acre - Aerial,3,"NY restriction flupyradifurone: No aerial application in New York State. Not for sale, distribution or use in Nassau and Suffolk Counties (except under FIFRA 24(c)/SLN)","Max Release Height (ft): 10

ASABE Droplet Size: Coarse",N/A,"Pollinators: recommended that foliar insecticides are applied late in the afternoon, evening, or at night outside of daily peak foraging periods.",DO NOT tank mix with azole fungicides (FRAC group 3) during bloom period; No aerial application in New York State. Not commercial product.
264-1198,SL,SIVANTO 400 SL,Brassica (Cole) Leafy Vegetables (CG 5),Agricultural (Outdoor),Soil,Chemigation/ Injection/ Drench,"Chemigation low-pressure drip, trickle, micro-sprinkler, injection for planting, potting hole drench or post-transplant drench",Pre-emergence/ Post-emergence,When pests occur,0.365,1,0.365,3,1.095,NS,21,"Chemigation into root zone through low-pressure drip, trickle, micro-sprinkler or equiv. equipment; Injection below the eventual seed line prior to planting. Place product 3-4 inches below seed line; Potting hole drench at transplanting; Post-transplant drench following setting and covering",3,"NY restriction flupyradifurone: Not for sale, distribution or use in Nassau and Suffolk Counties (except under FIFRA 24(c)/SLN)",,For injection: Place SIVANTO 200 SL 3 - 4 inches below seed line,,DO NOT tank mix with azole fungicides (FRAC group 3) during bloom period; No aerial application in New York State. Not commercial product.
264-1198,SL,SIVANTO 400 SL,Bushberry (subgroup 13-07B),Agricultural (Outdoor),Foliar,Broadcast,"ground sprayers, fixed or rotary winged aircraft, or through properly designed, sprinkler-type overhead chemigation equipment",Post-emergence,When pests occur,0.183,NS,0.365,NS,0.365,7,3,Minimum Application Volume: 25 Gallons/Acre - Ground; 3 Gallons/Acre - Aerial,1,"NY restriction flupyradifurone: No aerial application in New York State. Not for sale, distribution or use in Nassau and Suffolk Counties (except under FIFRA 24(c)/SLN)","Max Release Height (ft): 10

ASABE Droplet Size: Coarse",N/A,"Pollinators: recommended that foliar insecticides are applied late in the afternoon, evening, or at night outside of daily peak foraging periods.",DO NOT tank mix with azole fungicides (FRAC group 3) during bloom period; No aerial application in New York State. Not commercial product.
264-1198,SL,SIVANTO 400 SL,Bushberry (subgroup 13-07B),Agricultural (Outdoor),Soil,Chemigation/ Drench,"Chemigation low-pressure drip, trickle, micro-sprinkler or equiv. equipment; Drench at transplanting",Post-emergence,When pests occur,0.183,NS,0.365,NS,1.095,NS,30,"May be applied at the specified dosage by the following methods: Potting hole drench at transplanting; Chemigation into root-zone through low-pressure drip, trickle, micro-sprinkler or equiv. equipment",3,"NY restriction flupyradifurone: Not for sale, distribution or use in Nassau and Suffolk Counties (except under FIFRA 24(c)/SLN)",,,,Not commercial product.
264-1198,SL,,Blueberry,Agricultural (Outdoor),Foliar,Broadcast,"ground sprayers, fixed or rotary winged aircraft, or through properly designed, sprinkler-type overhead chemigation equipment",Post-emergence,When pests occur,0.183,NS,0.365,NS,0.365,3,30,Minimum Application Volume: 25 Gallons/Acre - Ground; 3 Gallons/Acre - Aerial,1,"NY restriction flupyradifurone: No aerial application in New York State. Not for sale, distribution or use in Nassau and Suffolk Counties (except under FIFRA 24(c)/SLN)","Max Release Height (ft): 10

ASABE Droplet Size: Coarse",N/A,"Pollinators: recommended that foliar insecticides are applied late in the afternoon, evening, or at night outside of daily peak foraging periods.",DO NOT tank mix with azole fungicides (FRAC group 3) during bloom period; No aerial application in New York State. Not commercial product.
264-1198,SL,SIVANTO 400 SL,Caneberry (subgroup 13-07A),Agricultural (Outdoor),Foliar,Broadcast,"ground sprayers, fixed or rotary winged aircraft, or through properly designed, sprinkler-type overhead chemigation equipment",Post-emergence,When pests occur,0.183,NS,0.365,NS,0.365,7,0,Start sprays at early bloom through 7 days after petal fall.                                           Minimum Application Volume: 30 Gallons/Acre - Ground; 3 Gallons/Acre - Aerial,1,"Start sprays at early bloom through 7 days after petal fall. NY restriction flupyradifurone: No aerial application in New York State. Not for sale, distribution or use in Nassau and Suffolk Counties (except under FIFRA 24(c)/SLN)","Max Release Height (ft): 10

ASABE Droplet Size: Coarse",N/A,"Pollinators: recommended that foliar insecticides are applied late in the afternoon, evening, or at night outside of daily peak foraging periods.",DO NOT tank mix with azole fungicides (FRAC group 3) during bloom period; No aerial application in New York State. Not commercial product.
264-1198,SL,SIVANTO 400 SL,"Cereal Grains (CG 15), Forage, Fodder and Straw of Cereal Grains (CG 16) and Quinoa (including production for seed)",Agricultural (Outdoor),Foliar,Broadcast,"ground sprayers, fixed or rotary winged aircraft, or through properly designed, sprinkler-type overhead chemigation equipment",Post-emergence,When pests occur,0.183,NS,0.365,NS,0.365,7,"7-days hay, forage, sorghum grown for syrup, or sweet corn; 21-days dried grain, stover or straw",Minimum Application Volume: 10 Gallons/Acre - Ground; 3 Gallons/Acre - Aerial,1,"NY restriction flupyradifurone: No aerial application in New York State. Not for sale, distribution or use in Nassau and Suffolk Counties (except under FIFRA 24(c)/SLN)","Max Release Height (ft): 10

ASABE Droplet Size: Coarse",N/A,"Pollinators: recommended that foliar insecticides are applied late in the afternoon, evening, or at night outside of daily peak foraging periods.",DO NOT tank mix with azole fungicides (FRAC group 3) during bloom period; No aerial application in New York State. Not commercial product.
264-1198,SL,SIVANTO 400 SL,Christamas Trees,Agricultural (Outdoor),Foliar,Broadcast,"ground sprayers, fixed or rotary winged aircraft, or through properly designed, sprinkler-type overhead chemigation equipment",Post-emergence,When pests occur,0.183,NS,NS,NS,NS,7,NS,Start treatments when pests are 1st detected. Use the higher rate for higher pest infestation levels                                            Minimum Application Volume: 25 Gallons/Acre - Ground; 10 Gallons/Acre - Aerial,1,"NY restriction flupyradifurone: No aerial application in New York State. Not for sale, distribution or use in Nassau and Suffolk Counties (except under FIFRA 24(c)/SLN)","Max Release Height (ft): 10

ASABE Droplet Size: Coarse",N/A,"Pollinators: recommended that foliar insecticides are applied late in the afternoon, evening, or at night outside of daily peak foraging periods.",DO NOT tank mix with azole fungicides (FRAC group 3) during bloom period; No aerial application in New York State. Not commercial product.
264-1198,SL,SIVANTO 400 SL,Citrus Fruit (CG 10-10),Agricultural (Outdoor),Foliar,Broadcast,"ground sprayers, fixed or rotary winged aircraft, or through properly designed, sprinkler-type overhead chemigation equipment",Post-emergence,When pests occur,0.183,NS,0.365,NS,0.365,10,1,"Minimum Application Volume: 50 Gal/A - Ground; 10 Gal/A - Aerial; For Florida only- Min. Application Volume: 2.5 Gal/A | Ground; For Florida and Texas only: Min. Application Volume: 3 Gal/A | Aerial for control of Asian citrus psyllid. For control or suppression of other pests, application volumes should be
increased to provide thorough and complete coverage to obtain adequate control.",1,"NY restriction flupyradifurone: No aerial application in New York State. Not for sale, distribution or use in Nassau and Suffolk Counties (except under FIFRA 24(c)/SLN)","Max Release Height (ft): 10

ASABE Droplet Size: Coarse",N/A,"Pollinators: recommended that foliar insecticides are applied late in the afternoon, evening, or at night outside of daily peak foraging periods.",DO NOT tank mix with azole fungicides (FRAC group 3) during bloom period; No aerial application in New York State. Not commercial product.
264-1198,SL,SIVANTO 400 SL,Citrus Fruit (CG 10-10),Agricultural (Outdoor),Soil,Chemigation/ Shank injection/ Drench,"Chemigation low-pressure drip, trickle, micro-sprinkler, Shank or subsurface side-dress injection; Basal drench",Post-emergence,When pests occur,0.365,1,0.365,1,0.365,NS,30,"Chemigation into root zone through low-pressure drip, trickle, micro-sprinkler or equiv. equipment; Basal drench in sufficient water to move into root zone; Shank or subsurface side-dress, injected to a depth just above or just within the root zone and between the trunk and drip line of the tree canopy. Apply product in a min. of 10 gals/A using multiple shanks on both sides of trees. Ensure product placement is below sod or orchard floor debris. Irrigation covering entire treated area should follow within 48 hours to promote uptake by root system",1,"NY restriction flupyradifurone: No aerial application in New York State. Not for sale, distribution or use in Nassau and Suffolk Counties (except under FIFRA 24(c)/SLN)",,,,Not commercial product.
264-1198,SL,SIVANTO 400 SL,"Clover (Grown for Forage, Fodder, Seed, Straw, and Hay)",Agricultural (Outdoor),Foliar,Broadcast,"ground sprayers, fixed or rotary winged aircraft, or through properly designed, sprinkler-type overhead chemigation equipment",Post-emergence,When pests occur,0.183,NS,0.365,NS,0.365,10,14,Minimum Application Volume: 10 Gallons/Acre - Ground; 3 Gallons/Acre - Aerial,1,"Only For Use in: Idaho, Oregon, and Washington.NY restriction flupyradifurone: Not for sale, distribution or use in Nassau and Suffolk Counties (except under FIFRA 24(c)/SLN)","Max Release Height (ft): 10

ASABE Droplet Size: Coarse",N/A,"Pollinators: recommended that foliar insecticides are applied late in the afternoon, evening, or at night outside of daily peak foraging periods.","DO NOT tank mix with azole fungicides (FRAC group 3) during bloom period; Only For Use in: Idaho, Oregon, and Washington. Not commercial product."
264-1198,SL,SIVANTO 400 SL,Cottonseed (Subgroup 20c) Including production for Seed,Agricultural (Outdoor),Foliar,Broadcast,"ground sprayers, fixed or rotary winged aircraft, or through properly designed, sprinkler-type overhead chemigation equipment",Post-emergence,When pests occur,0.183,NS,0.365,NS,0.365,10,14,Minimum Application Volume: 10 Gallons/Acre - Ground; 3 Gallons/Acre - Aerial,1,"NY restriction flupyradifurone: No aerial application in New York State. Not for sale, distribution or use in Nassau and Suffolk Counties (except under FIFRA 24(c)/SLN)","Max Release Height (ft): 10

ASABE Droplet Size: Coarse",N/A,"Pollinators: recommended that foliar insecticides are applied late in the afternoon, evening, or at night outside of daily peak foraging periods.",DO NOT tank mix with azole fungicides (FRAC group 3) during bloom period; No aerial application in New York State. Not commercial product.
264-1198,SL,SIVANTO 400 SL,Cucurbit Vegetables (CG 9) Planthouse,Planthouse/ Nursery (Inside),Foliar,Broadcast/ Drench,tray drench; uniform high-volume foliar spray followed by overhead irrigation wash; injection into overhead irrigation,Post-emergence,When pests occur,"0.17 fl oz/ 10,000 plants (0.011 lb ai)",1,"0.17 (fl oz/ 10,000 plants); 0.365 lb ai/A for total planthouse",NS,0.365,NS,21,"Apply specified dosage to seedlings in trays in the planthouse, targeting potting media (tray drench) between 24 hours and 7 days prior to transplanting, in one of the following methods: Uniform, broadcast high-volume foliar spray, followed by overhead irrigation wash; injection into overhead irrigation system; An additional field application must be made within 2 weeks following transplanting to provide continuous protection.",1,"NY restriction flupyradifurone: Not for sale, distribution or use in Nassau and Suffolk Counties (except under FIFRA 24(c)/SLN)","Max Release Height (ft): 10

ASABE Droplet Size: Coarse",N/A,"Pollinators: recommended that foliar insecticides are applied late in the afternoon, evening, or at night outside of daily peak foraging periods.","Only for use on seedlings intended as transplants. Not for use in greenhouses; Apply specified dosage to seedlings in trays in the planthouse, targeting potting media (tray drench) between 24 hours and 7 days prior to transplanting. Not commercial product."
264-1198,SL,SIVANTO 400 SL,Cucurbit Vegetables (CG 9),Agricultural (Outdoor),Foliar,Broadcast,"ground sprayers, fixed or rotary winged aircraft, or through properly designed, sprinkler-type overhead chemigation equipment",Post-emergence,When pests occur,0.183,NS,0.365,NS,0.365,7,1,Minimum Application Volume: 10 Gallons/Acre - Ground; 3 Gallons/Acre - Aerial,1,"NY restriction flupyradifurone: No aerial application in New York State. Not for sale, distribution or use in Nassau and Suffolk Counties (except under FIFRA 24(c)/SLN)","Max Release Height (ft): 10

ASABE Droplet Size: Coarse",N/A,"Pollinators: recommended that foliar insecticides are applied late in the afternoon, evening, or at night outside of daily peak foraging periods.","Do not apply as a foliar application to muskmelon (hybrids and/or cultivars of Cucumis melo including true cantaloupe, cantaloupe, casaba, Crenshaw melon, golden pershaw melon, honeydew melon, honey balls, mango melon, Persian melon, pineapple melon, Santa Claus melon, and snake melon). DO NOT tank mix with azole fungicides (FRAC group 3) during bloom period; No aerial application in New York State. Not commercial product."
264-1198,SL,SIVANTO 400 SL,Cucurbit Vegetables (CG 9),Agricultural (Outdoor),Soil,Chemigation/ Injection/ Drench,"chemigation low-pressure drip, trickle, micro-sprinkler or equiv. equipment; Injection prior to planting; Potting Drench; Post-transplant drench",Pre-emergence/ Post-emergence,When pests occur,0.365,NS,0.365,3,1.095,NS,21,"May be applied at the specified dosage by the following methods: Chemigation into root zone through low-pressure drip, trickle, micro-sprinkler or equiv. equipment; Injection below the eventual seed line prior to planting.Place product  3-4 inches below seed line; Potting hole drench at transplanting; Post-transplant drench following setting and covering",3,"NY restriction flupyradifurone: Not for sale, distribution or use in Nassau and Suffolk Counties (except under FIFRA 24(c)/SLN)",,For injection: Place 3-4 inches below seed line,,Not commercial product.
264-1198,SL,SIVANTO 400 SL,Fruiting Vegetables (CG 8-10) Planthouse,Planthouse/ Nursery (Inside),Foliar,Broadcast/ Drench,tray drench; uniform high-volume foliar spray followed by overhead irrigation wash; injection into overhead irrigation,Post-emergence,When pests occur,"0.34 fl oz/ 10,000 plants (0.011 lb ai)",1,"0.34 fl oz/ 10,000 plants (0.011 lb ai); 0.365 lb ai/A for total planthouse + foliar",NS,1.095,NS,45,"Apply specified dosage to seedlings in trays in the planthouse, targeting potting media (tray drench) between 24 hours and 7 days prior to transplanting, in one of the following methods: Uniform, broadcast high-volume foliar spray, followed by overhead irrigation wash; injection into overhead irrigation system; An additional field application must be made within 2 weeks following transplanting to provide continuous protection.",3,"NY restriction flupyradifurone: Not for sale, distribution or use in Nassau and Suffolk Counties (except under FIFRA 24(c)/SLN)",,N/A,,"Only for use on seedlings intended as transplants. Not for use in greenhouses; Apply specified dosage to seedlings in trays in the planthouse, targeting potting media (tray drench) between 24 hours and 7 days prior to transplanting. Not commercial product"
264-1198,SL,SIVANTO 400 SL,Fruiting Vegetables (CG 8-10),Agricultural (Outdoor),Soil,Chemigation/ Injection/ Drench,"chemigation low-pressure drip, trickle, micro-sprinkler or equiv. equipment; Injection prior to planting; Potting Drench; Post-transplant drench",Pre-emergence/ Post-emergence,When pests occur,0.365,1,0.365,3,1.095,NS,45,"May be applied at the specified dosage by the following methods: Chemigation into root zone through low-pressure drip, trickle, micro-sprinkler or equv. equipment; Injection below the eventual seed line prior to planting. Place product 3-4 inches below seed line; Potting hole drench at transplanting; Post-transplant drench following setting and covering",3,"NY restriction flupyradifurone: Not for sale, distribution or use in Nassau and Suffolk Counties (except under FIFRA 24(c)/SLN)",,For injection: Place SIVANTO 200 SL 3-4 inches below seed line,,Not commercial product.
264-1198,SL,SIVANTO 400 SL,Fruiting Vegetables (CG 8-10),Agricultural (Outdoor),Foliar,Broadcast,"ground sprayers, fixed or rotary winged aircraft, or through properly designed, sprinkler-type overhead chemigation equipment",Post-emergence,When pests occur,0.183,NS,0.365,NS,0.365,7,1,Minimum Application Volume: 10 Gallons/Acre - Ground; 3 Gallons/Acre - Aerial,1,"NY restriction flupyradifurone: No aerial application in New York State. Not for sale, distribution or use in Nassau and Suffolk Counties (except under FIFRA 24(c)/SLN)","Max Release Height (ft): 10

ASABE Droplet Size: Coarse",N/A,"Pollinators: recommended that foliar insecticides are applied late in the afternoon, evening, or at night outside of daily peak foraging periods.",DO NOT tank mix with azole fungicides (FRAC group 3) during bloom period; No aerial application in New York State. Not commercial product.
264-1198,SL,SIVANTO 400 SL,Hop,Agricultural (Outdoor),Foliar,Broadcast,"ground sprayers, fixed or rotary winged aircraft, or through properly designed, sprinkler-type overhead chemigation equipment",Post-emergence,When pests occur,0.14,1,0.14,1,0.14,NS,21,Minimum Application Volume: 25 Gallons/Acre - Ground; 10 Gallons/Acre - Aerial,,"NY restriction flupyradifurone: No aerial application in New York State. Not for sale, distribution or use in Nassau and Suffolk Counties (except under FIFRA 24(c)/SLN)","Max Release Height (ft): 10

ASABE Droplet Size: Coarse",N/A,"Pollinators: recommended that foliar insecticides are applied late in the afternoon, evening, or at night outside of daily peak foraging periods.",DO NOT tank mix with azole fungicides (FRAC group 3) during bloom period; No aerial application in New York State. Not commercial product.
264-1198,SL,SIVANTO 400 SL,Kava,Agricultural (Outdoor),Foliar,Broadcast,"ground sprayers, fixed or rotary winged aircraft, or through properly designed, sprinkler-type overhead chemigation equipment",Post-emergence,When pests occur,0.183,NA,0.365,NS,1.095,10,7,Minimum Application Volume: 10 Gallons/Acre - Ground; 3 Gallons/Acre - Aerial,3,"NY restriction flupyradifurone: No aerial application in New York State. Not for sale, distribution or use in Nassau and Suffolk Counties (except under FIFRA 24(c)/SLN)","Max Release Height (ft): 10

ASABE Droplet Size: Coarse",N/A,"Pollinators: recommended that foliar insecticides are applied late in the afternoon, evening, or at night outside of daily peak foraging periods.",DO NOT tank mix with azole fungicides (FRAC group 3) during bloom period; No aerial application in New York State. Not commercial product.
264-1198,SL,SIVANTO 400 SL,Leafy Vegetables - Except Brassica Vegetables (CG 4),Agricultural (Outdoor),Foliar,Broadcast,"ground sprayers, fixed or rotary winged aircraft, or through properly designed, sprinkler-type overhead chemigation equipment",Post-emergence,When pests occur,0.183,NS,0.365,NS,1.095,7,1,Minimum Application Volume: 10 Gallons/Acre - Ground; 3 Gallons/Acre - Aerial,3,"NY restriction flupyradifurone: No aerial application in New York State. Not for sale, distribution or use in Nassau and Suffolk Counties (except under FIFRA 24(c)/SLN)","Max Release Height (ft): 10

ASABE Droplet Size: Coarse",N/A,"Pollinators: recommended that foliar insecticides are applied late in the afternoon, evening, or at night outside of daily peak foraging periods.",DO NOT tank mix with azole fungicides (FRAC group 3) during bloom period; No aerial application in New York State. Not commercial product.
264-1198,SL,SIVANTO 400 SL,Leafy Vegetables -Except Brassica Vegetables (CG 4),Agricultural (Outdoor),Soil,Chemigation/ Injection/ Drench,"chemigation low-pressure drip, trickle, micro-sprinkler or equiv. equipment; Injection prior to planting; Potting Drench; Post-transplant drench",Post-emergence,When pests occur,0.365,1,0.365,3,1.095,NS,21,"May be applied at the specified dosage by the following methods: Chemigation into root zone through low-pressure drip, trickle, micro-sprinkler or equv. equipment; Injection below the eventual seed line prior to planting. Place product 3-4 inches below seed line; Potting hole drench at transplanting; Post-transplant drench following setting and covering",3,"NY restriction flupyradifurone: Not for sale, distribution or use in Nassau and Suffolk Counties (except under FIFRA 24(c)/SLN)",,For injection: Place 3-4 inches below seed line,,DO NOT tank mix with azole fungicides (FRAC group 3) during bloom period; No aerial application in New York State. Not commercial product.
264-1198,SL,SIVANTO 400 SL,Legume Vegetables (Succlent or Dried) (CG 6) and Foliage of Legume Vegetables for Animal Feed (CG 7),Agricultural (Outdoor),Foliar,Broadcast,"ground sprayers, fixed or rotary winged aircraft, or through properly designed, sprinkler-type overhead chemigation equipment",Post-emergence,When pests occur,0.183,NS,0.365,NS,0.365,10,"7-days Forage, Leaves, Vines, Pods, Cutting for Hay, or Seed (fresh or dry, except dry soybean seed); 21-days dry soybean seed",Minimum Application Volume: 10 Gallons/Acre - Ground; 3 Gallons/Acre - Aerial,1,"NY restriction flupyradifurone: No aerial application in New York State. Not for sale, distribution or use in Nassau and Suffolk Counties (except under FIFRA 24(c)/SLN)","Max Release Height (ft): 10

ASABE Droplet Size: Coarse",N/A,"Pollinators: recommended that foliar insecticides are applied late in the afternoon, evening, or at night outside of daily peak foraging periods.",DO NOT tank mix with azole fungicides (FRAC group 3) during bloom period; No aerial application in New York State. Not commercial product.
264-1198,SL,SIVANTO 400 SL,"Low Growing Berry (Subgroup 13-07G), except Cranberry)",Agricultural (Outdoor),Foliar,Broadcast,"ground sprayers, fixed or rotary winged aircraft, or through properly designed, sprinkler-type overhead chemigation equipment",Post-emergence,When pests occur,0.183,NS,0.365,NS,0.365,10,0,Minimum Application Volume: 10 Gallons/Acre - Ground; 3 Gallons/Acre - Aerial,1,"NY restriction flupyradifurone: No aerial application in New York State. Not for sale, distribution or use in Nassau and Suffolk Counties (except under FIFRA 24(c)/SLN)","Max Release Height (ft): 10

ASABE Droplet Size: Coarse",N/A,"Pollinators: recommended that foliar insecticides are applied late in the afternoon, evening, or at night outside of daily peak foraging periods.",DO NOT tank mix with azole fungicides (FRAC group 3) during bloom period; No aerial application in New York State. Not commercial product.
264-1198,SL,SIVANTO 400 SL,"Low Growing Berry (Subgroup 13-07G), except Cranberry)",Agricultural (Outdoor),Soil,Chemigation/ Drench,"Chemigation low-pressure drip, trickle, micro-sprinkler or equiv. equipment; Potting hole drench",Post-emergence,When pests occur,0.183,NS,0.365,NS,0.365,NS,1,"May be applied at the specified dosage by the following methods: Chemigation into root zone through low-pressure drip, trickle, micro-sprinkler or equiv. equipment; Potting hole drench at transplanting",1,"NY restriction flupyradifurone: Not for sale, distribution or use in Nassau and Suffolk Counties (except under FIFRA 24(c)/SLN)",,,,Not commercial product.
264-1198,SL,SIVANTO 400 SL,Peanut,Agricultural (Outdoor),Foliar,Broadcast,"ground sprayers, fixed or rotary winged aircraft, or through properly designed, sprinkler-type overhead chemigation equipment",Post-emergence,When pests occur,0.183,NS,0.365,NS,0.365,10,7,Minimum Application Volume: 10 Gallons/Acre - Ground; 3 Gallons/Acre - Aerial,1,"NY restriction flupyradifurone: No aerial application in New York State. Not for sale, distribution or use in Nassau and Suffolk Counties (except under FIFRA 24(c)/SLN)","Max Release Height (ft): 10

ASABE Droplet Size: Coarse",N/A,"Pollinators: recommended that foliar insecticides are applied late in the afternoon, evening, or at night outside of daily peak foraging periods.",DO NOT tank mix with azole fungicides (FRAC group 3) during bloom period; No aerial application in New York State. Not commercial product.
264-1198,SL,SIVANTO 400 SL,Pome Fruit (CG 11-10),Agricultural (Outdoor),Foliar,Broadcast,"ground sprayers, fixed or rotary winged aircraft, or through properly designed, sprinkler-type overhead chemigation equipment",Post-emergence,When pests occur,0.183,NS,0.365,NS,0.365,10,14,Minimum Application Volume: 25 Gallons/Acre - Ground; 10 Gallons/Acre - Aerial,1,"NY restriction flupyradifurone: No aerial application in New York State. Not for sale, distribution or use in Nassau and Suffolk Counties (except under FIFRA 24(c)/SLN)","Max Release Height (ft): 10

ASABE Droplet Size: Coarse",N/A,"Pollinators: recommended that foliar insecticides are applied late in the afternoon, evening, or at night outside of daily peak foraging periods.",Do not apply with horticultural oils to pear in late-season or during periods of above average temperatures. DO NOT tank mix with azole fungicides (FRAC group 3) during bloom period; No aerial application in New York State. Not commercial product.
264-1198,SL,SIVANTO 400 SL,Pome Fruit (CG 11-10),Agricultural (Outdoor),Soil,Chemigation/ Shank injection/ Drench,"Chemigation low-pressure drip, trickle, micro-sprinkler, Shank or subsurface side-dress injection; At-transplant/ Post-transplant drench",Post-emergence,When pests occur,0.365,1,0.365,1,0.365,NS,30,"Chemigation into root zone through low-pressure drip, trickle, micro-sprinkler or equiv. equipment; At-transplant drench followimg setting and covering; Post-transplant drench; Shank or subsurface side-dress, injected to a depth just above or just within the root zone and between the trunk and drip line of the tree canopy. Apply product in a min. of 10 gals/A using multiple shanks on both sides of trees. Ensure product placement is below sod or orchard floor debris. Irrigation covering entire treated area should follow within 48 hours to promote uptake by root system",1,"NY restriction flupyradifurone: Not for sale, distribution or use in Nassau and Suffolk Counties (except under FIFRA 24(c)/SLN)",,,,Not commercial product.
264-1198,SL,SIVANTO 400 SL,"Root Vegetables, except Sugarbeet (Subgroup 1B)",Agricultural (Outdoor),Foliar,Broadcast,"ground sprayers, fixed or rotary winged aircraft, or through properly designed, sprinkler-type overhead chemigation equipment",Post-emergence,When pests occur,0.183,NS,0.365,NS,0.365,10,7,Minimum Application Volume: 10 Gallons/Acre - Ground; 3 Gallons/Acre - Aerial,1,"NY restriction flupyradifurone: No aerial application in New York State. Not for sale, distribution or use in Nassau and Suffolk Counties (except under FIFRA 24(c)/SLN)","Max Release Height (ft): 10

ASABE Droplet Size: Coarse",N/A,"Pollinators: recommended that foliar insecticides are applied late in the afternoon, evening, or at night outside of daily peak foraging periods.","Do not harvest the tops (leaves) from any crop listed under Crop Subgroup 1B, except turnip greens and kava leaves, for human or livestock consumption. DO NOT tank mix with azole fungicides (FRAC group 3) during bloom period; No aerial application in New York State. Not commercial product."
264-1198,SL,SIVANTO 400 SL,"Small Fruit Vine Climbing, except Fuzzy Kiwifruit (CG 13-07F)",Agricultural (Outdoor),Foliar,Broadcast,"ground sprayers, fixed or rotary winged aircraft, or through properly designed, sprinkler-type overhead chemigation equipment",Post-emergence,When pests occur,0.183,NS,0.365,NS,0.365,10,0,Minimum Application Volume: 25 Gallons/Acre - Ground; 10 Gallons/Acre - Aerial,1,"NY restriction flupyradifurone: No aerial application in New York State. Not for sale, distribution or use in Nassau and Suffolk Counties (except under FIFRA 24(c)/SLN)","Max Release Height (ft): 10

ASABE Droplet Size: Coarse",N/A,"Pollinators: recommended that foliar insecticides are applied late in the afternoon, evening, or at night outside of daily peak foraging periods.",DO NOT tank mix with azole fungicides (FRAC group 3) during bloom period; No aerial application in New York State. Not commercial product.
264-1198,SL,SIVANTO 400 SL,"Small Fruit Vine Climbing, except Fuzzy Kiwifruit (CG 13-07F)",Agricultural (Outdoor),Soil,Chemigation/ Drench,"chemigation low-pressure drip, trickle, micro-sprinkler or equiv. equipment; Basal hole drench",Post-emergence,When pests occur,0.365,1,0.365,1,0.365,NS,30,"May be applied at the specified dosage by the following methods: Chemigation into root zone through low-pressure drip, trickle, micro-sprinkler or equiv. equipment; Basal drench in sufficient water to move into root zone",1,"NY restriction flupyradifurone: Not for sale, distribution or use in Nassau and Suffolk Counties (except under FIFRA 24(c)/SLN)",,,,Not commercial product.
264-1198,SL,SIVANTO 400 SL,Sorghum (including production for seed),Agricultural (Outdoor),Soil,Chemigation/ In-furrow/ Injection/ Shank Injection,"Chemigation low-pressure drip, trickle, micro-sprinkler or equiv. equipment; Injection or in-furrow spray for planting; Shank Subsurface or Surface side-dress",Pre-emergence/ Post-emergence,When pests occur,0.365,2,0.365,2,0.365,NS,45,"May be applied at the specified dosage by the following methods: Injection below the eventual seed row prior to planting. Place product 3 - 4 inches below seed-line; In-furrow spray during planting; Chemigation into root-zone through low-pressure drip, trickle, micro-sprinkler or equiv. equipment; Subsurface side-dress shanked into the root zone on both sides of the plants; Surface side-dress followed by irrigation, a rain event or mechanically incorporated",1,"NY restriction flupyradifurone: Not for sale, distribution or use in Nassau and Suffolk Counties (except under FIFRA 24(c)/SLN)",,For injection: Place product 3 - 4 inches below seed line,,Not commercial product.
264-1198,SL,SIVANTO 400 SL,Stone Fruit (CG 12-12),Agricultural (Outdoor),Foliar,Broadcast,"ground sprayers, fixed or rotary winged aircraft, or through properly designed, sprinkler-type overhead chemigation equipment",Post-emergence,When pests occur,0.183,4,0.365,4,0.365,10,14,Minimum Application Volume: 25 Gallons/Acre - Ground; 10 Gallons/Acre - Aerial,1,"NY restriction flupyradifurone: No aerial application in New York State. Not for sale, distribution or use in Nassau and Suffolk Counties (except under FIFRA 24(c)/SLN)","Max Release Height (ft): 10

ASABE Droplet Size: Coarse",N/A,"Pollinators: recommended that foliar insecticides are applied late in the afternoon, evening, or at night outside of daily peak foraging periods.Do not apply to crop foliage during foraging by alfalfa leafcutting bees used for pollination services.",DO NOT tank mix with azole fungicides (FRAC group 3) during bloom period; No aerial application in New York State. Not commercial product.
264-1198,SL,SIVANTO 400 SL,Stone Fruit (CG 12-12),Agricultural (Outdoor),Soil,Chemigation/ Shank injection/ Drench,"Chemigation low-pressure drip, trickle, micro-sprinkler, Shank or subsurface side-dress injection; At-transplant/ Post-transplant drench",Post-emergence,When pests occur,0.365,1,0.365,1,0.365,NS,30,"May be applied at the specified dosage by the following methods: Chemigation into root-zone through low-pressure drip, trickle, micro-sprinkler or equiv. equipment; Post-transplant drench following setting and covering; Shank or subsurface side-dress, injected to a depth just above or just within the root zone and between the trunk and drip line of the tree canopy. Apply product in a minimum of 10 gal/A using multiple shanks on both sides of trees. Ensure product placement is below sod or orchard floor debris. Irrigation covering entire treated area should follow within 48 hours to promote uptake by root system.",1,"NY restriction flupyradifurone: Not for sale, distribution or use in Nassau and Suffolk Counties (except under FIFRA 24(c)/SLN)",,,,Not commercial product.
264-1198,SL,SIVANTO 400 SL,Taro Leaves,Agricultural (Outdoor),Foliar,Broadcast,"ground sprayers, fixed or rotary winged aircraft, or through properly designed, sprinkler-type overhead chemigation equipment",Post-emergence,When pests occur,0.183,NS,0.365,NS,1.095,7,1,Minimum Application Volume: 10 Gallons/Acre - Ground; 3 Gallons/Acre - Aerial,3,"NY restriction flupyradifurone: No aerial application in New York State. Not for sale, distribution or use in Nassau and Suffolk Counties (except under FIFRA 24(c)/SLN)","Max Release Height (ft): 10

ASABE Droplet Size: Coarse",N/A,"Pollinators: recommended that foliar insecticides are applied late in the afternoon, evening, or at night outside of daily peak foraging periods.",DO NOT tank mix with azole fungicides (FRAC group 3) during bloom period; No aerial application in New York State. Not commercial product.
264-1198,SL,SIVANTO 400 SL,Taro Leaves,Agricultural (Outdoor),Soil,Chemigation/ Injection/ Drench,"Chemigation low-pressure drip, trickle, micro-sprinkler or equiv. equipment; Injection prior to planting; Potting hole drench or Post-transplant drench",Pre-emergencePost-emergence,When pests occur,0.365,1,0.365,3,1.095,NS,21,"May be applied at the specified dosage by the following methods: Chemigation into root zone through low-pressure drip, trickle, micro-sprinkler or equiv. equipment; Injection below the eventual seed line prior to planting. Place product 3-4 inches below seed line; Potting hole drench at transplanting; Post-transplant drench following setting and covering",3,"NY restriction flupyradifurone:Not for sale, distribution or use in Nassau and Suffolk Counties (except under FIFRA 24(c)/SLN)",,For injection: Place SIVANTO 200 SL 3-4 inches below the seed line,,Not commercial product.
264-1198,SL,SIVANTO 400 SL,"Tree Nuts (CG 14-12, except Almond)",Agricultural (Outdoor),Foliar,Broadcast,"ground sprayers, fixed or rotary winged aircraft, or through properly designed, sprinkler-type overhead chemigation equipment",Post-emergence,When pests occur,0.183,NS,0.365,NS,0.365,14,7,Minimum Application Volume: 25 Gallons/A - Ground; 10 Gallons/Acre - Aerial,1,"NY restriction flupyradifurone: No aerial application in New York State. Not for sale, distribution or use in Nassau and Suffolk Counties (except under FIFRA 24(c)/SLN)","Max Release Height (ft): 10

ASABE Droplet Size: Coarse",N/A,"Pollinators: recommended that foliar insecticides are applied late in the afternoon, evening, or at night outside of daily peak foraging periods.",DO NOT tank mix with azole fungicides (FRAC group 3) during bloom period; No aerial application in New York State. Not commercial product.
264-1198,SL,SIVANTO 400 SL,"Tree Nuts (CG 14-12, except Almond)",Agricultural (Outdoor),Soil,Chemigation/ Shank injection/ Drench,"Chemigation low-pressure drip, trickle, micro-sprinkler, Shank or subsurface side-dress injection; At-transplant/ Post-transplant drench",Post-emergence,When pests occur,0.365,1,0.365,1,0.365,NS,30,"Chemigation into root zone through low-pressure drip, trickle, micro-sprinkler or equiv. equipment; At-transplant drench followimg setting and covering; Post-transplant drench; Shank or subsurface side-dress, injected to a depth just above or just within the root zone and between the trunk and drip line of the tree canopy. Apply product in a min. of 10 gals/A using multiple shanks on both sides of trees. Ensure product placement is below sod or orchard floor debris. Irrigation covering entire treated area should follow within 48 hours to promote uptake by root system",1,"NY restriction flupyradifurone:Not for sale, distribution or use in Nassau and Suffolk Counties (except under FIFRA 24(c)/SLN)","Max Release Height (ft): 10

ASABE Droplet Size: Coarse",,,Not commercial product.
264-1198,SL,SIVANTO 400 SL,"Tropical and Subtropical, Medium to Large Fruit, Smooth, Inedible Peep (Subgrop 24B)",Agricultural (Outdoor),Foliar,Broadcast,"ground sprayers, fixed or rotary winged aircraft, or through properly designed, sprinkler-type overhead chemigation equipment",Post-emergence,When pests occur,0.183,2,0.365,2,0.365,7-days pomegranate; 14 day other listed crops,0-day pomegranate; 1-day other listed crops,Minimum Application Volume: 25 Gallons/Acre - Ground; 10 Gallons/Acre - Aerial,1,"NY restriction flupyradifurone: No aerial application in New York State. Not for sale, distribution or use in Nassau and Suffolk Counties (except under FIFRA 24(c)/SLN)","Max Release Height (ft): 10

ASABE Droplet Size: Coarse",N/A,"Pollinators: recommended that foliar insecticides are applied late in the afternoon, evening, or at night outside of daily peak foraging periods.",DO NOT tank mix with azole fungicides (FRAC group 3) during bloom period; No aerial application in New York State. Not commercial product.
264-1198,SL,SIVANTO 400 SL,Tuberous and Corm Vegetables (Subgroup 1C),Agricultural (Outdoor),Foliar,Broadcast,"ground sprayers, fixed or rotary winged aircraft, or through properly designed, sprinkler-type overhead chemigation equipment",Post-emergence,When pests occur,0.183,NS,0.365,NS,0.365,7,7,Minimum Application Volume: 10 Gallons/Acre - Ground; 3 Gallons/Acre - Aerial,1,"NY restriction flupyradifurone: No aerial application in New York State. Not for sale, distribution or use in Nassau and Suffolk Counties (except under FIFRA 24(c)/SLN)","Max Release Height (ft): 10

ASABE Droplet Size: Coarse",N/A,"Pollinators: recommended that foliar insecticides are applied late in the afternoon, evening, or at night outside of daily peak foraging periods.",DO NOT tank mix with azole fungicides (FRAC group 3) during bloom period; No aerial application in New York State. Not commercial product.
264-1198,SL,SIVANTO 400 SL,Tuberous and Corm Vegetables (Subgroup 1C),Agricultural (Outdoor),Soil,Chemigation/ Drench/ In-furrow/ Injection,"Chemigation low-pressure drip, trickle, micro-sprinkler or equiv. equipment; Drench at transplant or post-transplant drench; Injection or in-furrow spray for planting",Pre-emergence/ Post-emergence,When pests occur,0.365,1,0.365,1,0.365,NS,NS,"May be applied at the specified dosage by the following methods: Injection below the eventual seed row prior to planting. Place product 3 - 4 inches below seed-line; In-furrow spray during planting; Chemigation into root-zone through low-pressure drip, trickle, micro-sprinkler or equiv. equipment; Drench at transplanting; Post-transplant drench following setting and covering",1,"NY restriction flupyradifurone:Not for sale, distribution or use in Nassau and Suffolk Counties (except under FIFRA 24(c)/SLN)","Max Release Height (ft): 10

ASABE Droplet Size: Coarse",For Injection: Place product 3 - 4 inches below seed-line,,Not commercial product.
264-1198NS,SL,SIVANTO 400 SL,Turnip Greens,Agricultural (Outdoor),Foiliar,Broadcast,"ground sprayers, fixed or rotary winged aircraft, or through properly designed, sprinkler-type overhead chemigation equipment",Post-emergence,When pests occur,0.183,NS,0.365,NS,1.095,7,1,Minimum Application Volume: 10 Gallons/Acre - Ground; 3 Gallons/Acre - Aerial,3,"NY restriction flupyradifurone: No aerial application in New York State. Not for sale, distribution or use in Nassau and Suffolk Counties (except under FIFRA 24(c)/SLN)","Max Release Height (ft): 10

ASABE Droplet Size: Coarse",N/A,"Pollinators: recommended that foliar insecticides are applied late in the afternoon, evening, or at night outside of daily peak foraging periods.",DO NOT tank mix with azole fungicides (FRAC group 3) during bloom period; No aerial application in New York State. Not commercial product.
264-1198,SL,SIVANTO 400 SL,Turnip Greens,Agricultural (Outdoor),Soil,Chemigation/ Drench/ In-furrow/ Injection,"Chemigation low-pressure drip, trickle, micro-sprinkler or equiv. equipment; Injection or in-furrow spray for planting; Potting hole drench; Post-transplant drench",Pre-emergence/ Post-emergence,When pests occur,0.365,1,0.365,3,1.095,NS,21,"May be applied at the specified dosage by the following methods: Injection below the eventual seed row prior to planting. Place product 3 - 4 inches below seed-line; In-furrow spray during planting; Chemigation into root-zone through low-pressure drip, trickle, micro-sprinkler or equiv. equipment; Pottimg hole drench at transplanting; Post-transplant drench following setting and covering",3,"NY restriction flupyradifurone: Not for sale, distribution or use in Nassau and Suffolk Counties (except under FIFRA 24(c)/SLN)",,For Injection: Place product 3 - 4 inches below seed-line,,Not commercial product.
264-REUN,SL,SIVANTO 300 SL,"Alfalfa (grown for Forage, Fodder, Straw, and Hay)",Agricultural (Outdoor),Foliar,Broadcast,"ground sprayers, fixed or rotary winged aircraft, or through properly designed, sprinkler-type overhead chemigation equipment",Post-emergence,When pests occur,0.183,NS,0.365,NS,0.365,10,7,Minimum Application Volume: 10 Gallons/Acre - Ground; 3 Gallons/Acre - Aerial,1,"NY restriction flupyradifurone: No aerial application in New York State. Not for sale, distribution or use in Nassau and Suffolk Counties (except under FIFRA 24(c)/SLN)","Max Release Height (ft): 10

ASABE Droplet Size: Coarse",N/A,"Pollinators: recommended that foliar insecticides are applied late in the afternoon, evening, or at night outside of daily peak foraging periods.Do not apply to crop foliage during foraging by alfalfa leafcutting bees used for pollination services.",Do not use on Alfalfa Grown for Seed. DO NOT tank mix with azole fungicides (FRAC group 3) during bloom period; No aerial application in New York State.
264-REUN,SL,SIVANTO 300 SL,Blueberry,Agricultural (Outdoor),Foliar,Broadcast,"ground sprayers, fixed or rotary winged aircraft, or through properly designed, sprinkler-type overhead chemigation equipment",Post-emergence,When pests occur,0.183,NS,0.365,NS,0.365,3,30,Minimum Application Volume: 25 Gallons/Acre - Ground; 3 Gallons/Acre - Aerial,1,"NY restriction flupyradifurone: No aerial application in New York State. Not for sale, distribution or use in Nassau and Suffolk Counties (except under FIFRA 24(c)/SLN)","Max Release Height (ft): 10

ASABE Droplet Size: Coarse",N/A,"Pollinators: recommended that foliar insecticides are applied late in the afternoon, evening, or at night outside of daily peak foraging periods.Do not apply to crop foliage during foraging by alfalfa leafcutting bees used for pollination services.",DO NOT tank mix with azole fungicides (FRAC group 3) during bloom period; No aerial application in New York State.
264-REUN,SL,SIVANTO 300 SL,Brassica Head and Stem Vegetables (CG 5-16),Agricultural (Outdoor),Foliar,Broadcast,"ground sprayers, fixed or rotary winged aircraft, or through properly designed, sprinkler-type overhead chemigation equipment",Post-emergence,When pests occur,0.183,NS,0.365,NS,1.095,7,1,Minimum Application Volume: 10 Gallons/Acre - Ground; 3 Gallons/Acre - Aerial,3,"No aerial application in New York State. Not for sale, distribution or use in Nassau and Suffolk Counties New York except as permitted under FIFRA Section 24(c), Special Local Need Registration.","Max Release Height (ft): 10

ASABE Droplet Size: Coarse",N/A,"Pollinators: recommended that foliar insecticides are applied late in the afternoon, evening, or at night outside of daily peak foraging periods.Do not apply to crop foliage during foraging by alfalfa leafcutting bees used for pollination services.",DO NOT tank mix with azole fungicides (FRAC group 3) during bloom period; No aerial application in New York State.
264-REUN,SL,SIVANTO 300 SL,Brassica Head and Stem Vegetables (CG 5-16),Agricultural (Outdoor),Soil,Chemigation/ Drench/ In-furrow/ Injection,"Chemigation low-pressure drip, trickle, micro-sprinkler or equiv. equipment; Injection or in-furrow spray for planting; Drench at transplanting; Post-transplant drench",Pre-emergence/ Post-emergence,When pests occur,0.365,1,0.365,3,1.095,NS,21,"May be applied at the specified dosage by the following methods: Injection below the eventual seed row prior to planting. Place product 3 - 4 inches below seed-line; In-furrow spray during planting; Chemigation into root-zone through low-pressure drip, trickle, micro-sprinkler or equiv. equipment; Drench at transplanting; Post-transplant drench following setting and covering",3,"NY restriction flupyradifurone: Not for sale, distribution or use in Nassau and Suffolk Counties (except under FIFRA 24(c)/SLN)",,For injection: Place product 3 - 4 inches below seed line,,
264-REUN,SL,SIVANTO 300 SL,Bushberry (subgroup 13-07B),Agricultural (Outdoor),Foliar,Broadcast,"ground sprayers, fixed or rotary winged aircraft, or through properly designed, sprinkler-type overhead chemigation equipment",Post-emergence,When pests occur,0.183,NS,0.365,NS,0.365,7,3,Minimum Application Volume: 25 Gallons/Acre - Ground; 3 Gallons/Acre - Aerial,1,"NY restriction flupyradifurone: No aerial application in New York State. Not for sale, distribution or use in Nassau and Suffolk Counties (except under FIFRA 24(c)/SLN)","Max Release Height (ft): 10

ASABE Droplet Size: Coarse",N/A,"Pollinators: recommended that foliar insecticides are applied late in the afternoon, evening, or at night outside of daily peak foraging periods.Do not apply to crop foliage during foraging by alfalfa leafcutting bees used for pollination services.",DO NOT tank mix with azole fungicides (FRAC group 3) during bloom period; No aerial application in New York State.
264-REUN,SL,SIVANTO 300 SL,Bushberry (subgroup 13-07B),Agricultural (Outdoor),Soil,Chemigation/ Drench,"chemigation low-pressure drip, trickle, micro-sprinkler or equiv. equipment; Potting hole drench",Post-emergence,When pests occur,0.365,NS,0.365,NS,1.095,NS,30,"May be applied at the specified dosage by the following methods: Drench at transplanting; Chemigation into root-zone through low-pressure drip, trickle, micro-sprinkler or equiv. equipment",1,"NY restriction flupyradifurone: Not for sale, distribution or use in Nassau and Suffolk Counties (except under FIFRA 24(c)/SLN)",,,,
264-REUN,SL,SIVANTO 300 SL,Caneberry (subgroup 13-07A),Agricultural (Outdoor),Foliar,Broadcast,"ground sprayers, fixed or rotary winged aircraft, or through properly designed, sprinkler-type overhead chemigation equipment",Post-emergence,When pests occur,0.183,NS,0.365,NS,0.365,7,0,Minimum Application Volume: 30 Gallons/Acre - Ground; 3 Gallons/Acre - Aerial,1,"NY restriction flupyradifurone: No aerial application in New York State. Not for sale, distribution or use in Nassau and Suffolk Counties (except under FIFRA 24(c)/SLN)","Max Release Height (ft): 10

ASABE Droplet Size: Coarse",N/A,"Pollinators: recommended that foliar insecticides are applied late in the afternoon, evening, or at night outside of daily peak foraging periods.Do not apply to crop foliage during foraging by alfalfa leafcutting bees used for pollination services.",DO NOT tank mix with azole fungicides (FRAC group 3) during bloom period; No aerial application in New York State.
264-REUN,SL,SIVANTO 300 SL,"Celtuce; Fennel, Fresh Leaves and Stalk; Kohlrabi",Agricultural (Outdoor),Foliar,Broadcast,"ground sprayers, fixed or rotary winged aircraft, or through properly designed, sprinkler-type overhead chemigation equipment",Post-emergence,When pests occur,0.183,NS,0.365,NS,1.095,7,1,Minimum Application Volume: 10 Gallons/Acre - Ground; 3 Gallons/Acre - Aerial,3,"NY restriction flupyradifurone: No aerial application in New York State. Not for sale, distribution or use in Nassau and Suffolk Counties (except under FIFRA 24(c)/SLN)","Max Release Height (ft): 10

ASABE Droplet Size: Coarse",N/A,"Pollinators: recommended that foliar insecticides are applied late in the afternoon, evening, or at night outside of daily peak foraging periods.Do not apply to crop foliage during foraging by alfalfa leafcutting bees used for pollination services.",DO NOT tank mix with azole fungicides (FRAC group 3) during bloom period; No aerial application in New York State.
264-REUN,SL,SIVANTO 300 SL,"Celtuce; Fennel, Fresh Leaves and Stalk; Kohlrabi",Agricultural (Outdoor),Soil,Chemigation/ Drench/ In-furrow/ Injection,"Chemigation low-pressure drip, trickle, micro-sprinkler or equiv. equipment; Injection or in-furrow spray for planting; Drench for transplant; Post-transplant drench",Pre-emergence/ Post-emergence,When pests occur,0.365,1,0.365,3,1.095,7,1,"May be applied at the specified dosage by the following methods: Injection below the eventual seed row prior to planting. Place product 3 - 4 inches below seed-line; In-furrow spray during planting; Chemigation into root-zone through low-pressure drip, trickle, micro-sprinkler or equiv. equipment; Drench at transplanting; Post-transplant drench following setting and covering",3,"NY restriction flupyradifurone: Not for sale, distribution or use in Nassau and Suffolk Counties (except under FIFRA 24(c)/SLN)",,For injection: Place product 3-4 inches below seed line,,
264-REUN,SL,SIVANTO 300 SL,"Cereal Grains (CG 15), Forage, Fodder and Straw of Cereal Grains (CG 16) and Quinoa (including production for seed)",Agricultural (Outdoor),Foliar,Broadcast,"ground sprayers, fixed or rotary winged aircraft, or through properly designed, sprinkler-type overhead chemigation equipment",Post-emergence,When pests occur,0.183,NS,0.365,NS,0.365,7,"7 days hay, forage, sorghum grown for syrup, or sweet corn; 21 days dried grain, stover or straw",Minimum Application Volume: 25 Gallons/Acre - Ground; 10 Gallons/Acre - Aerial,1,"NY restriction flupyradifurone: No aerial application in New York State. Not for sale, distribution or use in Nassau and Suffolk Counties (except under FIFRA 24(c)/SLN)","Max Release Height (ft): 10

ASABE Droplet Size: Coarse",N/A,"Pollinators: recommended that foliar insecticides are applied late in the afternoon, evening, or at night outside of daily peak foraging periods.Do not apply to crop foliage during foraging by alfalfa leafcutting bees used for pollination services.",DO NOT tank mix with azole fungicides (FRAC group 3) during bloom period; No aerial application in New York State.
264-REUN,SL,SIVANTO 300 SL,Citrus Fruit (CG 10-10),Agricultural (Outdoor),Foliar,Broadcast,"ground sprayers, fixed or rotary winged aircraft, or through properly designed, sprinkler-type overhead chemigation equipment",Post-emergence,When pests occur,0.183,NS,0.365,NS,0.365,10,1,"Minimum Application Volume: 50 Gal/A - Ground; 10 Gal/A - Aerial; For Florida only- min. application volume: 2.5 Gal/A (Ground); For Florida and Texas only: min. application volume: 3 GalA (Aerial) for control of Asian citrus psyllid. For control or suppression of other pests, application volumes should be increased to provide thorough and complete coverage to obtain adequate control.",1,"NY restriction flupyradifurone: No aerial application in New York State. Not for sale, distribution or use in Nassau and Suffolk Counties (except under FIFRA 24(c)/SLN)","Max Release Height (ft): 10

ASABE Droplet Size: Coarse",N/A,"Pollinators: recommended that foliar insecticides are applied late in the afternoon, evening, or at night outside of daily peak foraging periods.Do not apply to crop foliage during foraging by alfalfa leafcutting bees used for pollination services.",DO NOT tank mix with azole fungicides (FRAC group 3) during bloom period; No aerial application in New York State.
264-REUN,SL,SIVANTO 300 SL,Citrus Fruit (CG 10-10),Agricultural (Outdoor),Soil,Chemigation/ Shank injection/ Drench,"Chemigation low-pressure drip, trickle, micro-sprinkler, Shank or subsurface side-dress injection; Basal drench",Post-emergence,When pests occur,0.365,1,0.365,1,0.365,NS,30,"Chemigation into root zone through low-pressure drip, trickle, micro-sprinkler or equiv. equipment; Basal drench in sufficient water to move into root zone; Shank or subsurface side-dress, injected to a depth just above or just within the root zone and between the trunk and drip line of the tree canopy. Apply product in a min. of 10 gals/A using multiple shanks on both sides of trees. Ensure product placement is below sod or orchard floor debris. Irrigation covering entire treated area should follow within 48 hours to promote uptake by root system",1,"NY restriction flupyradifurone: Not for sale, distribution or use in Nassau and Suffolk Counties (except under FIFRA 24(c)/SLN)",,,,
264-REUN,SL,SIVANTO 300 SL,"Clover (Grown for Forage, Fodder, Seed, Straw, and Hay)",Agricultural (Outdoor),Foliar,Broadcast,"ground sprayers, fixed or rotary winged aircraft, or through properly designed, sprinkler-type overhead chemigation equipment",Post-emergence,When pests occur,0.183,NS,0.365,NS,0.365,10,14,Minimum Application Volume: 10 Gallons/Acre - Ground; 3 Gallons/Acre - Aerial,1,"Only For Use in: Idaho, Oregon, and Washington. NY restriction flupyradifurone: Not for sale, distribution or use in Nassau and Suffolk Counties (except under FIFRA 24(c)/SLN)","Max Release Height (ft): 10

ASABE Droplet Size: Coarse",N/A,"Pollinators: recommended that foliar insecticides are applied late in the afternoon, evening, or at night outside of daily peak foraging periods.Do not apply to crop foliage during foraging by alfalfa leafcutting bees used for pollination services.","DO NOT tank mix with azole fungicides (FRAC group 3) during bloom period; Only For Use in: Idaho, Oregon, and Washington."
264-REUN,SL,SIVANTO 300 SL,Coffee,Agricultural (Outdoor),Foliar,Broadcast,"ground sprayers, fixed or rotary winged aircraft, or through properly designed, sprinkler-type overhead chemigation equipment",Post-emergence,When pests occur,0.183,NS,0.365,NS,0.365,7,0,Minimum Application Volume: 10 Gallons/Acre - Ground; 3 Gallons/Acre - Aerial,1,"NY restriction flupyradifurone: No aerial application in New York State. Not for sale, distribution or use in Nassau and Suffolk Counties (except under FIFRA 24(c)/SLN)","Max Release Height (ft): 10

ASABE Droplet Size: Coarse",,"Pollinators: recommended that foliar insecticides are applied late in the afternoon, evening, or at night outside of daily peak foraging periods.Do not apply to crop foliage during foraging by alfalfa leafcutting bees used for pollination services.",DO NOT tank mix with azole fungicides (FRAC group 3) during bloom period; No aerial application in New York State.
264-REUN,SL,SIVANTO 300 SL,Cottonseed (Subgroup 20c) Including production for Seed,Agricultural (Outdoor),Foliar,Broadcast,"ground sprayers, fixed or rotary winged aircraft, or through properly designed, sprinkler-type overhead chemigation equipment",Post-emergence,When pests occur,0.183,NS,0.365,NS,0.365,10,14,Minimum Application Volume: 10 Gallons/Acre - Ground; 3 Gallons/Acre - Aerial,1,"NY restriction flupyradifurone: No aerial application in New York State. Not for sale, distribution or use in Nassau and Suffolk Counties (except under FIFRA 24(c)/SLN)","Max Release Height (ft): 10

ASABE Droplet Size: Coarse",,"Pollinators: recommended that foliar insecticides are applied late in the afternoon, evening, or at night outside of daily peak foraging periods.Do not apply to crop foliage during foraging by alfalfa leafcutting bees used for pollination services.",
264-REUN,SL,SIVANTO 300 SL,Cucurbit Vegetables (CG 9) Planthouse,Planthouse/ Nursery (Inside),Foliar,Broadcast,"ground sprayers, through properly designed, sprinkler-type overhead chemigation equipment, overhead irrigation system,",Post-emergence,When pests occur,"0.23 fl oz/ 10,000 plants (0.011 lb ai)",1,"0.23 fl oz/ 10,000 plants in planthouse (0.011 lb ai); 0.365 lb ai/A for total planthouse + foliar",NS,0.365,NS,21,"Apply specified dosage to seedlings in trays in the planthouse, targeting potting media (tray drench) between 24 hours and 7 days prior to transplanting, in one of the following methods: Uniform, broadcast high-volume foliar spray, followed by overhead irrigation wash; injection into overhead irrigation system; An additional field application must be made within 2 weeks following transplanting to provide continuous protection.",1,"NY restriction flupyradifurone: Not for sale, distribution or use in Nassau and Suffolk Counties (except under FIFRA 24(c)/SLN)","Max Release Height (ft): 10

ASABE Droplet Size: Coarse",N/A,,"Only for use on seedlings intended as transplants. Not for use in greenhouses; Apply specified dosage to seedlings in trays in the planthouse, targeting potting media (tray drench) between 24 hours and 7 days prior to transplanting."
264-REUN,SL,SIVANTO 300 SL,Cucurbit Vegetables (CG 9),Agricultural (Outdoor),Foliar,Broadcast,"ground sprayers, fixed or rotary winged aircraft, or through properly designed, sprinkler-type overhead chemigation equipment",Post-emergence,When pests occur,0.183,NS,0.365,NS,0.365,7,1,Minimum Application Volume: 10 Gallons/Acre - Ground; 3 Gallons/Acre - Aerial,1,"NY restriction flupyradifurone: No aerial application in New York State. Not for sale, distribution or use in Nassau and Suffolk Counties (except under FIFRA 24(c)/SLN)","Max Release Height (ft): 10

ASABE Droplet Size: Coarse",N/A,"Pollinators: recommended that foliar insecticides are applied late in the afternoon, evening, or at night outside of daily peak foraging periods.Do not apply to crop foliage during foraging by alfalfa leafcutting bees used for pollination services.","Do not apply as a foliar application to muskmelon (hybrids and/or cultivars of Cucumis melo including true cantaloupe, cantaloupe, casaba, Crenshaw melon, golden pershaw melon, honeydew melon, honey balls, mango melon, Persian melon, pineapple melon, Santa Claus melon, and snake melon). DO NOT tank mix with azole fungicides (FRAC group 3) during bloom period; No aerial application in New York State."
264-REUN,SL,SIVANTO 300 SL,Cucurbit Vegetables (CG 9),Agricultural (Outdoor),Chemigation/ Injection/ Drench,"chemigation low-pressure drip, trickle, micro-sprinkler or equiv. equipment; Injection prior to planting; Potting Drench; Post-transplant drench",Pre-emergence/ Post-emergence,Post-emergence,When pests occur,0.365,1,0.365,3,1.095,NS,21,"May be applied at the specified dosage by the following methods: Chemigation into root zone through low-pressure drip, trickle, micro-sprinkler or equiv. equipment; Injection below the eventual seed line prior to planting.Place product  3-4 inches below seed line; Potting hole drench at transplanting; Post-transplant drench following setting and covering",3,"NY restriction flupyradifurone: Not for sale, distribution or use in Nassau and Suffolk Counties (except under FIFRA 24(c)/SLN)",,For injection: Place product 3-4 inches below seed line,,
264-REUN,SL,SIVANTO 300 SL,Fruiting Vegetables (CG 8-10) Planthouse,Planthouse/ Nursery (Inside),Foliar,Broadcast/ Drench,tray drench; uniform high-volume foliar spray followed by overhead irrigation wash; injection into overhead irrigation,Post-emergence,When pests occur,"0.23 fl oz/ 10,000 plants (0.011 lb ai)",1,"0.23 fl oz/ 10,000 plants in planthouse (0.011 lb ai); 0.365 lb ai/A for total planthouse + foliar",NS,1.095,NS,45,"Apply specified dosage to seedlings in trays in the planthouse, targeting potting media (tray drench) between 24 hours and 7 days prior to transplanting, in one of the following methods: Uniform, broadcast high-volume foliar spray, followed by overhead irrigation wash; injection into overhead irrigation system; An additional field application must be made within 2 weeks following transplanting to provide continuous protection.",3,"NY restriction flupyradifurone: No aerial application in New York State. Not for sale, distribution or use in Nassau and Suffolk Counties (except under FIFRA 24(c)/SLN)","Max Release Height (ft): 10

ASABE Droplet Size: Coarse",N/A,,"Only for use on seedlings intended as transplants. Not for use in Greenhouses; Apply specified dosage to seedlings in trays in the planthouse, targeting potting media (tray drench) between 24 hours and 7 days prior to transplanting"
264-REUN,SL,SIVANTO 300 SL,Fruiting Vegetables (CG 8-10),Agricultural (Outdoor),Soil,Chemigation/ Injection/ Drench,"chemigation low-pressure drip, trickle, micro-sprinkler or equiv. equipment; Injection prior to planting; Potting Drench; Post-transplant drench",Pre-emergence/ Post-emergence,When pests occur,0.365,1,0.365,3,1.095,NA,45,"May be applied at the specified dosage by the following methods: Chemigation into root zone through low-pressure drip, trickle, micro-sprinkler or equv. equipment; Injection below the eventual seed line prior to planting. Place product 3-4 inches below seed line; Potting hole drench at transplanting; Post-transplant drench following setting and covering",3,"NY restriction flupyradifurone: Not for sale, distribution or use in Nassau and Suffolk Counties (except under FIFRA 24(c)/SLN)",,For injection: Place product 3-4 inches below seed line,,
264-REUN,SL,SIVANTO 300 SL,Fruiting Vegetables (CG 8-10),Agricultural (Outdoor),Foliar,Broadcast,"ground sprayers, fixed or rotary winged aircraft, or through properly designed, sprinkler-type overhead chemigation equipment",Post-emergence,When pests occur,0.183,NS,0.365,NS,0.365,7,1,Minimum Application Volume: 10 Gallons/Acre - Ground; 3 Gallons/Acre - Aerial,1,"NY restriction flupyradifurone: No aerial application in New York State. Not for sale, distribution or use in Nassau and Suffolk Counties (except under FIFRA 24(c)/SLN)","Max Release Height (ft): 10

ASABE Droplet Size: Coarse",N/A,"Pollinators: recommended that foliar insecticides are applied late in the afternoon, evening, or at night outside of daily peak foraging periods.Do not apply to crop foliage during foraging by alfalfa leafcutting bees used for pollination services.",DO NOT tank mix with azole fungicides (FRAC group 3) during bloom period; No aerial application in New York State.
264-REUN,SL,SIVANTO 300 SL,"Grass Forage, Fodder and Hay (CG 17)",Agricultural (Outdoor),Foliar,Broadcast,"ground sprayers, fixed or rotary winged aircraft, or through properly designed, sprinkler-type overhead chemigation equipment",Post-emergence,When pests occur,0.183,NS,0.365,NS,0.365,7,7,Minimum Application Volume: 10 Gallons/Acre - Ground; 3 Gallons/Acre - Aerial,1,"Only For Use in: Idaho and Oregon. NY restriction flupyradifurone: Not for sale, distribution or use in Nassau and Suffolk Counties (except under FIFRA 24(c)/SLN)","Max Release Height (ft): 10

ASABE Droplet Size: Coarse",N/A,"Pollinators: recommended that foliar insecticides are applied late in the afternoon, evening, or at night outside of daily peak foraging periods.Do not apply to crop foliage during foraging by alfalfa leafcutting bees used for pollination services.",DO NOT tank mix with azole fungicides (FRAC group 3) during bloom period. Only For Use in: Idaho and Oregon.
264-REUN,SL,SIVANTO 300 SL,Hop,Agricultural (Outdoor),Foliar,Broadcast,"ground sprayers, fixed or rotary winged aircraft, or through properly designed, sprinkler-type overhead chemigation equipment",Post-emergence,When pests occur,0.14,1,0.14,1,0.14,NS,21,Minimum Application Volume: 25 Gallons/Acre - Ground; 10 Gallons/Acre - Aerial,1,"NY restriction flupyradifurone: No aerial application in New York State. Not for sale, distribution or use in Nassau and Suffolk Counties (except under FIFRA 24(c)/SLN)","Max Release Height (ft): 10

ASABE Droplet Size: Coarse",N/A,"Pollinators: recommended that foliar insecticides are applied late in the afternoon, evening, or at night outside of daily peak foraging periods.Do not apply to crop foliage during foraging by alfalfa leafcutting bees used for pollination services.",DO NOT tank mix with azole fungicides (FRAC group 3) during bloom period; No aerial application in New York State.
264-REUN,SL,SIVANTO 300 SL,Kava,Agricultural (Outdoor),Foliar,Broadcast,"ground sprayers, fixed or rotary winged aircraft, or through properly designed, sprinkler-type overhead chemigation equipment",Post-emergence,When pests occur,0.183,NS,0.365,NS,1.095,10,7,Minimum Application Volume: 10 Gallons/Acre - Ground; 3 Gallons/Acre - Aerial,3,"NY restriction flupyradifurone: No aerial application in New York State. Not for sale, distribution or use in Nassau and Suffolk Counties (except under FIFRA 24(c)/SLN)","Max Release Height (ft): 10

ASABE Droplet Size: Coarse",N/A,"Pollinators: recommended that foliar insecticides are applied late in the afternoon, evening, or at night outside of daily peak foraging periods.Do not apply to crop foliage during foraging by alfalfa leafcutting bees used for pollination services.",DO NOT tank mix with azole fungicides (FRAC group 3) during bloom period; No aerial application in New York State.
264-REUN,SL,SIVANTO 300 SL,Leaf Petiole Vegetable (CG  22B),Agricultural (Outdoor),Foliar,Broadcast,"ground sprayers, fixed or rotary winged aircraft, or through properly designed, sprinkler-type overhead chemigation equipment",Post-emergence,When pests occur,0.183,NS,0.365,NS,1.095,7,1,Minimum Application Volume: 10 Gallons/Acre - Ground; 3 Gallons/Acre - Aerial,3,"NY restriction flupyradifurone: No aerial application in New York State. Not for sale, distribution or use in Nassau and Suffolk Counties (except under FIFRA 24(c)/SLN)","Max Release Height (ft): 10

ASABE Droplet Size: Coarse",N/A,"Pollinators: recommended that foliar insecticides are applied late in the afternoon, evening, or at night outside of daily peak foraging periods.Do not apply to crop foliage during foraging by alfalfa leafcutting bees used for pollination services.",DO NOT tank mix with azole fungicides (FRAC group 3) during bloom period; No aerial application in New York State.
264-REUN,SL,SIVANTO 300 SL,Leafy Vegetables (CG 4-16),Agricultural (Outdoor),Foliar,Broadcast,"ground sprayers, fixed or rotary winged aircraft, or through properly designed, sprinkler-type overhead chemigation equipment",Post-emergence,When pests occur,0.183,NS,0.365,NS,1.095,7,1,Minimum Application Volume: 10 Gallons/Acre - Ground; 3 Gallons/Acre - Aerial,3,"NY restriction flupyradifurone: No aerial application in New York State. Not for sale, distribution or use in Nassau and Suffolk Counties (except under FIFRA 24(c)/SLN)","Max Release Height (ft): 10

ASABE Droplet Size: Coarse",N/A,"Pollinators: recommended that foliar insecticides are applied late in the afternoon, evening, or at night outside of daily peak foraging periods.Do not apply to crop foliage during foraging by alfalfa leafcutting bees used for pollination services.","For applications made to watercress, production fields must be drained of water at least 24 hours prior to application and water must not be reapplied to the field for a minimum of 24 hours following the application. DO NOT tank mix with azole fungicides (FRAC group 3) during bloom period; No aerial application in New York State."
264-REUN,SL,SIVANTO 300 SL,Leafy Vegetables (CG 4-16),Agricultural (Outdoor),Soil,Chemigation/ Injection/ Drench,"Chemigation low-pressure drip, trickle, micro-sprinkler or equiv. equipment; Injection prior to planting; Potting Drench or Post-transplant drench",Pre-emergence/ Post-emergence,When pests occur,0.365,1,0.365,3,1.095,NS,21,"May be applied at the specified dosage by the following methods: Chemigation into root zone through low-pressure drip, trickle, micro-sprinkler or equiv. equipment; Injection below the eventual seed line prior to planting. Place product 3-4 inches below seed line; Potting hole drench at transplanting; Post-transplant drench following setting and covering",3,"NY restriction flupyradifurone: Not for sale, distribution or use in Nassau and Suffolk Counties (except under FIFRA 24(c)/SLN)",,For injection: Place product 3-4 inches below seed line,,"For applications made to watercress, production fields must be drained of water at least 24 hours prior to application and water must not be reapplied to the field for a minimum of 24 hours following the application."
264-REUN,SL,SIVANTO 300 SL,Legume Vegetables (Succlent or Dried) (CG 6) and Foliage of Legume Vegetables for Animal Feed (CG 7),Agricultural (Outdoor),Foliar,Broadcast,"ground sprayers, fixed or rotary winged aircraft, or through properly designed, sprinkler-type overhead chemigation equipment",Post-emergence,When pests occur,0.183,NS,0.365,NS,0.365,10,"7-days Forage, Leaves, Vines, Pods, Cutting for Hay, or Seed (fresh or dry, except dry soybean seed); 21-days dry soybean seed",Minimum Application Volume: 10 Gallons/Acre - Ground; 3 Gallons/Acre - Aerial,1,"NY restriction flupyradifurone: No aerial application in New York State. Not for sale, distribution or use in Nassau and Suffolk Counties (except under FIFRA 24(c)/SLN)","Max Release Height (ft): 10

ASABE Droplet Size: Coarse",N/A,"Pollinators: recommended that foliar insecticides are applied late in the afternoon, evening, or at night outside of daily peak foraging periods.Do not apply to crop foliage during foraging by alfalfa leafcutting bees used for pollination services.",DO NOT tank mix with azole fungicides (FRAC group 3) during bloom period; No aerial application in New York State.
264-REUN,SL,SIVANTO 300 SL,Low Growing Berry (Subgroup 13-07G),Agricultural (Outdoor),Foliar,Broadcast,"ground sprayers, fixed or rotary winged aircraft, or through properly designed, sprinkler-type overhead chemigation equipment",Post-emergence,When pests occur,0.183,NS,0.365,NS,0.365,10,0,Minimum Application Volume: 10 Gallons/Acre - Ground; 3 Gallons/Acre - Aerial,1,"NY restriction flupyradifurone: No aerial application in New York State. Not for sale, distribution or use in Nassau and Suffolk Counties (except under FIFRA 24(c)/SLN)","Max Release Height (ft): 10

ASABE Droplet Size: Coarse",N/A,"Pollinators: recommended that foliar insecticides are applied late in the afternoon, evening, or at night outside of daily peak foraging periods.Do not apply to crop foliage during foraging by alfalfa leafcutting bees used for pollination services.",DO NOT tank mix with azole fungicides (FRAC group 3) during bloom period; No aerial application in New York State.
264-REUN,SL,SIVANTO 300 SL,Low Growing Berry (Subgroup 13-07G),Agricultural (Outdoor),Soil,Chemigation/ Drench,"Chemigation low-pressure drip, trickle, micro-sprinkler or equiv. equipment; Potting hole drench",Post-emergence,When pests occur,0.365,1,0.365,NS,1.095,NS,1,"May be applied at the specified dosage by the following methods: Chemigation into root zone through low-pressure drip, trickle, micro-sprinkler or equiv. equipment; Potting hole drench at transplanting",1,"NY restriction flupyradifurone: Not for sale, distribution or use in Nassau and Suffolk Counties (except under FIFRA 24(c)/SLN)",,,,
264-REUN,SL,SIVANTO 300 SL,Peanut,Agricultural (Outdoor),Foliar,Broadcast,"ground sprayers, fixed or rotary winged aircraft, or through properly designed, sprinkler-type overhead chemigation equipment",Post-emergence,When pests occur,0.183,NS,0.365,NS,0.365,10,7,Minimum Application Volume: 10 Gallons/Acre - Ground; 3 Gallons/Acre - Aerial,1,"NY restriction flupyradifurone: No aerial application in New York State. Not for sale, distribution or use in Nassau and Suffolk Counties (except under FIFRA 24(c)/SLN)","Max Release Height (ft): 10

ASABE Droplet Size: Coarse",N/A,"Pollinators: recommended that foliar insecticides are applied late in the afternoon, evening, or at night outside of daily peak foraging periods.Do not apply to crop foliage during foraging by alfalfa leafcutting bees used for pollination services.",DO NOT tank mix with azole fungicides (FRAC group 3) during bloom period; No aerial application in New York State.
264-REUN,SL,SIVANTO 300 SL,Pineapple,Agricultural (Outdoor),Foliar,Broadcast,"ground sprayers, fixed or rotary winged aircraft, or through properly designed, sprinkler-type overhead chemigation equipment",Post-emergence,When pests occur,0.183,NS,0.365,NS,0.365,7,0,Minimum Application Volume: 10 Gallons/Acre - Ground; 3 Gallons/Acre - Aerial,1,"NY restriction flupyradifurone: No aerial application in New York State. Not for sale, distribution or use in Nassau and Suffolk Counties (except under FIFRA 24(c)/SLN)","Max Release Height (ft): 10

ASABE Droplet Size: Coarse",N/A,"Pollinators: recommended that foliar insecticides are applied late in the afternoon, evening, or at night outside of daily peak foraging periods.Do not apply to crop foliage during foraging by alfalfa leafcutting bees used for pollination services.",DO NOT tank mix with azole fungicides (FRAC group 3) during bloom period; No aerial application in New York State.
264-REUN,SL,SIVANTO 300 SL,Pome Fruit (CG 11-10),Agricultural (Outdoor),Foliar,Broadcast,"ground sprayers, fixed or rotary winged aircraft, or through properly designed, sprinkler-type overhead chemigation equipment",Post-emergence,When pests occur,0.183,NS,0.365,NS,0.365,10,14,Minimum Application Volume: 25 Gallons/Acre - Ground; 10 Gallons/Acre - Aerial,1,"NY restriction flupyradifurone: No aerial application in New York State. Not for sale, distribution or use in Nassau and Suffolk Counties (except under FIFRA 24(c)/SLN)","Max Release Height (ft): 10

ASABE Droplet Size: Coarse",N/A,"Pollinators: recommended that foliar insecticides are applied late in the afternoon, evening, or at night outside of daily peak foraging periods.Do not apply to crop foliage during foraging by alfalfa leafcutting bees used for pollination services.",Do not apply with horticultural oils to pear in late-season or during periods of above average temperatures. DO NOT tank mix with azole fungicides (FRAC group 3) during bloom period; No aerial application in New York State.
264-REUN,SL,SIVANTO 300 SL,Pome Fruit (CG 11-10),Agricultural (Outdoor),Soil,Chemigation/ Shank injection/ Drench,"Chemigation low-pressure drip, trickle, micro-sprinkler, Shank or subsurface side-dress injection; At-transplant/ Post-transplant drench",Post-emergence,When pests occur,0.365,1,0.365,1,0.365,NS,30,"Chemigation into root zone through low-pressure drip, trickle, micro-sprinkler or equiv. equipment; At-transplant drench followimg setting and covering; Post-transplant drench; Shank or subsurface side-dress, injected to a depth just above or just within the root zone and between the trunk and drip line of the tree canopy. Apply product in a min. of 10 gals/A using multiple shanks on both sides of trees. Ensure product placement is below sod or orchard floor debris. Irrigation covering entire treated area should follow within 48 hours to promote uptake by root system",1,"NY restriction flupyradifurone: Not for sale, distribution or use in Nassau and Suffolk Counties (except under FIFRA 24(c)/SLN)",,,,Do not apply with horticultural oils to pear in late-season or during periods of above average temperatures
264-REUN,SL,SIVANTO 300 SL,Rapeseed (Subgroup 20A),Agricultural (Outdoor),Foliar,Broadcast,"ground sprayers, fixed or rotary winged aircraft, or through properly designed, sprinkler-type overhead chemigation equipment",Post-emergence,When pests occur,0.183,2,0.276,2,0.276,NA,NA,Minimum Application Volume: 10 Gallons/Acre - Ground; 3 Gallons/Acre - Aerial,1,"NY restriction flupyradifurone: No aerial application in New York State. Not for sale, distribution or use in Nassau and Suffolk Counties (except under FIFRA 24(c)/SLN)","Max Release Height (ft): 10

ASABE Droplet Size: Coarse",N/A,"Pollinators: recommended that foliar insecticides are applied late in the afternoon, evening, or at night outside of daily peak foraging periods.Do not apply to crop foliage during foraging by alfalfa leafcutting bees used for pollination services.",Do not apply after bolting (BBCH30: the plant stage when stem elongation starts). DO NOT tank mix with azole fungicides (FRAC group 3) during bloom period; No aerial application in New York State.
264-REUN,SL,SIVANTO 300 SL,"Root Vegetables, except Sugarbeet (Subgroup 1B)",Agricultural (Outdoor),Foliar,Broadcast,"ground sprayers, fixed or rotary winged aircraft, or through properly designed, sprinkler-type overhead chemigation equipment",Post-emergence,When pests occur,0.183,NS,0.365,NS,0.365,10,7,Minimum Application Volume: 10 Gallons/Acre - Ground; 3 Gallons/Acre - Aerial,1,"NY restriction flupyradifurone: No aerial application in New York State. Not for sale, distribution or use in Nassau and Suffolk Counties (except under FIFRA 24(c)/SLN)","Max Release Height (ft): 10

ASABE Droplet Size: Coarse",N/A,"Pollinators: recommended that foliar insecticides are applied late in the afternoon, evening, or at night outside of daily peak foraging periods.Do not apply to crop foliage during foraging by alfalfa leafcutting bees used for pollination services.","Do not harvest the tops (leaves) from any crop listed under Crop Subgroup 1B, except turnip greens and kava leaves, for human or livestock consumption. DO NOT tank mix with azole fungicides (FRAC group 3) during bloom period; No aerial application in New York State."
264-REUN,SL,SIVANTO 300 SL,Sesame,Agricultural (Outdoor),Foliar,Broadcast,"ground sprayers, fixed or rotary winged aircraft, or through properly designed, sprinkler-type overhead chemigation equipment",Post-emergence,When pests occur,0.183,NS,0.365,NS,0.365,10,14,Minimum Application Volume: 10 Gallons/Acre - Ground; 3 Gallons/Acre - Aerial,1,"NY restriction flupyradifurone: No aerial application in New York State. Not for sale, distribution or use in Nassau and Suffolk Counties (except under FIFRA 24(c)/SLN)","Max Release Height (ft): 10

ASABE Droplet Size: Coarse",N/A,"Pollinators: recommended that foliar insecticides are applied late in the afternoon, evening, or at night outside of daily peak foraging periods.Do not apply to crop foliage during foraging by alfalfa leafcutting bees used for pollination services.",DO NOT tank mix with azole fungicides (FRAC group 3) during bloom period; No aerial application in New York State.
264-REUN,SL,SIVANTO 300 SL,Small Fruit Vine Climbing - Except Fuzzy Kiwifruit (CG 13-07F),Agricultural (Outdoor),Foliar,Broadcast,"ground sprayers, fixed or rotary winged aircraft, or through properly designed, sprinkler-type overhead chemigation equipment",Post-emergence,When pests occur,0.183,NS,0.365,NS,0.365,10,0,Minimum Application Volume: 25 Gallons/Acre - Ground; 10 Gallons/Acre - Aerial,1,"NY restriction flupyradifurone: No aerial application in New York State. Not for sale, distribution or use in Nassau and Suffolk Counties (except under FIFRA 24(c)/SLN)","Max Release Height (ft): 10

ASABE Droplet Size: Coarse",N/A,"Pollinators: recommended that foliar insecticides are applied late in the afternoon, evening, or at night outside of daily peak foraging periods.Do not apply to crop foliage during foraging by alfalfa leafcutting bees used for pollination services.",DO NOT tank mix with azole fungicides (FRAC group 3) during bloom period; No aerial application in New York State.
264-REUN,SL,SIVANTO 300 SL,Small Fruit Vine Climbing - Except Fuzzy Kiwifruit (CG 13-07F),Agricultural (Outdoor),Soil,Chemigation/ Drench,"chemigation low-pressure drip, trickle, micro-sprinkler or equiv. equipment; Basal hole drench",Post-emergence,When pests occur,0.365,1,0.365,1,0.365,NS,30,"May be applied at the specified dosage by the following methods: Chemigation into root zone through low-pressure drip, trickle, micro-sprinkler or equiv. equipment; Basal drench in sufficient water to move into root zone",1,"NY restriction flupyradifurone: Not for sale, distribution or use in Nassau and Suffolk Counties (except under FIFRA 24(c)/SLN)",,,,
264-REUN,SL,SIVANTO 300 SL,Sorghum (including production for seed),Agricultural (Outdoor),Soil,Chemigation/ In-furrow/ Injection/ Shank Injection,"Chemigation low-pressure drip, trickle, micro-sprinkler or equiv. equipment; Injection or in-furrow spray for planting; Shank Subsurface or Surface side-dress",Pre-emergence/ Post-emergence,When pests occur,0.365,2,0.365,2,0.365,NS,45,"May be applied at the specified dosage by the following methods: Injection below the eventual seed row prior to planting. Place product 3 - 4 inches below seed-line; In-furrow spray during planting; Chemigation into root-zone through low-pressure drip, trickle, micro-sprinkler or equiv. equipment; Subsurface side-dress shanked into the root zone on both sides of the plants; Surface side-dress followed by irrigation, a rain event or mechanically incorporated",1,"NY restriction flupyradifurone: Not for sale, distribution or use in Nassau and Suffolk Counties (except under FIFRA 24(c)/SLN)",,For injection: Place product 3-4 inches below seed line,,
264-REUN,SL,SIVANTO 300 SL,"Stalk and Stem Vegetables (Subgroup 22A, excluding Prickly pear, pads; Prickly pear, Texas, pads)",Agricultural (Outdoor),Foliar,Broadcast,"ground sprayers, fixed or rotary winged aircraft, or through properly designed, sprinkler-type overhead chemigation equipment",Post-emergence,When pests occur,0.183,NS,0.365,NS,0.365,30,NS,Minimum Application Volume: 10 Gallons/Acre - Ground; 3 Gallons/Acre - Aerial,1,"NY restriction flupyradifurone: No aerial application in New York State. Not for sale, distribution or use in Nassau and Suffolk Counties (except under FIFRA 24(c)/SLN)","Max Release Height (ft): 10

ASABE Droplet Size: Coarse",N/A,"Pollinators: recommended that foliar insecticides are applied late in the afternoon, evening, or at night outside of daily peak foraging periods.Do not apply to crop foliage during foraging by alfalfa leafcutting bees used for pollination services.",Only for Post-Harvest and Fern Stage use. DO NOT tank mix with azole fungicides (FRAC group 3) during bloom period; No aerial application in New York State.
264-REUN,SL,SIVANTO 300 SL,Stone Fruit (CG 12-12),Agricultural (Outdoor),Foliar,Broadcast,"ground sprayers, fixed or rotary winged aircraft, or through properly designed, sprinkler-type overhead chemigation equipment",Post-emergence,When pests occur,0.183,NS,0.365,NS,0.365,10,14,Minimum Application Volume: 25 Gallons/Acre - Ground; 10 Gallons/Acre - Aerial,1,"NY restriction flupyradifurone: No aerial application in New York State. Not for sale, distribution or use in Nassau and Suffolk Counties (except under FIFRA 24(c)/SLN)","Max Release Height (ft): 10

ASABE Droplet Size: Coarse",N/A,"Pollinators: recommended that foliar insecticides are applied late in the afternoon, evening, or at night outside of daily peak foraging periods.Do not apply to crop foliage during foraging by alfalfa leafcutting bees used for pollination services.",DO NOT tank mix with azole fungicides (FRAC group 3) during bloom period; No aerial application in New York State.
264-REUN,SL,SIVANTO 300 SL,Stone Fruit (CG 12-12),Agricultural (Outdoor),Soil,Chemigation/ Shank injection/ Drench,Chemigation/ Shank injection/ Drench,"Chemigation low-pressure drip, trickle, micro-sprinkler, Shank or subsurface side-dress injection; At-transplant/ Post-transplant drench",When pests occur,0.365,1,0.365,1,0.365,NS,30,"May be applied at the specified dosage by the following methods: Chemigation into root-zone through low-pressure drip, trickle, micro-sprinkler or equiv. equipment; Post-transplant drench following setting and covering; Shank or subsurface side-dress, injected to a depth just above or just within the root zone and between the trunk and drip line of the tree canopy. Apply product in a minimum of 10 gal/A using multiple shanks on both sides of trees. Ensure product placement is below sod or orchard floor debris. Irrigation covering entire treated area should follow within 48 hours to promote uptake by root system.",1,"NY restriction flupyradifurone: Not for sale, distribution or use in Nassau and Suffolk Counties (except under FIFRA 24(c)/SLN)","Max Release Height (ft): 10

ASABE Droplet Size: Coarse",N/A,"Pollinators: recommended that foliar insecticides are applied late in the afternoon, evening, or at night outside of daily peak foraging periods.Do not apply to crop foliage during foraging by alfalfa leafcutting bees used for pollination services.",
264-REUN,SL,SIVANTO 300 SL,Sunflower (Subgroup 20B),Agricultural (Outdoor),Foliar,Broadcast,"ground sprayers, fixed or rotary winged aircraft, or through properly designed, sprinkler-type overhead chemigation equipment",Post-emergence,When pests occur,0.183,NS,0.365,NS,0.365,10,14,Minimum Application Volume: 10 Gallons/Acre - Ground; 3 Gallons/Acre - Aerial,1,"NY restriction flupyradifurone: No aerial application in New York State. Not for sale, distribution or use in Nassau and Suffolk Counties (except under FIFRA 24(c)/SLN)","Max Release Height (ft): 10

ASABE Droplet Size: Coarse",N/A,"Pollinators: recommended that foliar insecticides are applied late in the afternoon, evening, or at night outside of daily peak foraging periods.Do not apply to crop foliage during foraging by alfalfa leafcutting bees used for pollination services.",DO NOT tank mix with azole fungicides (FRAC group 3) during bloom period; No aerial application in New York State.
264-REUN,SL,SIVANTO 300 SL,Taro Leaves,Agricultural (Outdoor),Foliar,Broadcast,"ground sprayers, fixed or rotary winged aircraft, or through properly designed, sprinkler-type overhead chemigation equipment",Post-emergence,When pests occur,0.183,NS,0.365,NS,1.095,7,1,Minimum Application Volume: 10 Gallons/Acre - Ground; 3 Gallons/Acre - Aerial,3,"NY restriction flupyradifurone: No aerial application in New York State. Not for sale, distribution or use in Nassau and Suffolk Counties (except under FIFRA 24(c)/SLN)","Max Release Height (ft): 10

ASABE Droplet Size: Coarse",N/A,"Pollinators: recommended that foliar insecticides are applied late in the afternoon, evening, or at night outside of daily peak foraging periods.Do not apply to crop foliage during foraging by alfalfa leafcutting bees used for pollination services.",DO NOT tank mix with azole fungicides (FRAC group 3) during bloom period; No aerial application in New York State.
264-REUN,SL,SIVANTO 300 SL,Taro Leaves,Agricultural (Outdoor),Soil,Chemigation/ Injection/ Drench,"Chemigation low-pressure drip, trickle, micro-sprinkler or equiv. equipment; Injection prior to planting; Potting hole drench or Post-transplant drench",Pre-emergencePost-emergence,When pests occur,0.365,1,0.365,3,1.095,NS,21,"May be applied at the specified dosage by the following methods: Chemigation into root zone through low-pressure drip, trickle, micro-sprinkler or equiv. equipment; Injection below the eventual seed line prior to planting. Place product 3-4 inches below seed line; Potting hole drench at transplanting; Post-transplant drench following setting and covering",3,"NY restriction flupyradifurone: Not for sale, distribution or use in Nassau and Suffolk Counties (except under FIFRA 24(c)/SLN)",,For injection: Place product 3-4 inches below seed line,,
264-REUN,SL,SIVANTO 300 SL,Tobacco,Agricultural (Outdoor),Foliar,Broadcast,"ground sprayers, fixed or rotary winged aircraft, or through properly designed, sprinkler-type overhead chemigation equipment",Post-emergence,When pests occur,0.092,4,0.365,4,0.365,7,7,Minimum Application Volume: 10 Gallons/Acre - Ground; 3 Gallons/Acre - Aerial,1,"NY restriction flupyradifurone: No aerial application in New York State. Not for sale, distribution or use in Nassau and Suffolk Counties (except under FIFRA 24(c)/SLN)","Max Release Height (ft): 10

ASABE Droplet Size: Coarse",,"Pollinators: recommended that foliar insecticides are applied late in the afternoon, evening, or at night outside of daily peak foraging periods.Do not apply to crop foliage during foraging by alfalfa leafcutting bees used for pollination services.",DO NOT tank mix with azole fungicides (FRAC group 3) during bloom period; No aerial application in New York State.
264-REUN,SL,SIVANTO 300 SL,Tobacco- Planthouse,Planthouse/ Nursery (Inside),Foliar,Broadcast,,Post-emergence,When pests occur,"0.23 fl oz/ 10,000 plants (0.011 lb ai)",NS,"0.23 fl oz/ 10,000 plants (0.011 lb ai); 0.365 lb ai/A for total planthouse + foliar",1,0.365,NS,7,"Apply specified dosage to seedlings in trays in the planthouse, targeting potting media (tray drench) between 24 hours and 7 days prior
to transplanting, in one of the following methods: uniform broadcast spray followed by overhead irrigation to wash product from foliage into potting media; Injection into overhead irrigation to saturate potting media in trays.",1,"NY restriction flupyradifurone: Not for sale, distribution or use in Nassau and Suffolk Counties (except under FIFRA 24(c)/SLN)","Max Release Height (ft): 10

ASABE Droplet Size: Coarse",,,"Apply specified dosage to seedlings in trays in the planthouse, targeting potting media (tray drench) between 24 hours and 7 days prior to transplanting"
264-REUN,SL,SIVANTO 300 SL,Tobacco,Agricultural (Outdoor),Soil,Drench,Post-transplant drench following setting and covering,Post-emergence,When pests occur,0.274,1,0.365,1,0.365,NS,NS,Soil drench application to be made no more than 30 days after transplanting.,1,"NY restriction flupyradifurone: Not for sale, distribution or use in Nassau and Suffolk Counties (except under FIFRA 24(c)/SLN)",,,,Soil drench application to be made no more than 30 days after transplanting.
264-REUN,SL,SIVANTO 300 SL,"Tree Nuts (CG 14-12, except almond)",Agricultural (Outdoor),Foliar,Broadcast,"ground sprayers, fixed or rotary winged aircraft, or through properly designed, sprinkler-type overhead chemigation equipment",Post-emergence,When pests occur,0.183,4,0.365,4,0.365,14,7,Minimum Application Volume: 25 Gallons/A - Ground; 10 Gallons/Acre - Aerial,1,"NY restriction flupyradifurone: No aerial application in New York State. Not for sale, distribution or use in Nassau and Suffolk Counties (except under FIFRA 24(c)/SLN)","Max Release Height (ft): 10

ASABE Droplet Size: Coarse",N/A,"Pollinators: recommended that foliar insecticides are applied late in the afternoon, evening, or at night outside of daily peak foraging periods.Do not apply to crop foliage during foraging by alfalfa leafcutting bees used for pollination services.",DO NOT tank mix with azole fungicides (FRAC group 3) during bloom period; No aerial application in New York State.
264-REUN,SL,SIVANTO 300 SL,"Tree Nuts (CG 14-12, except almond)",Agricultural (Outdoor),Soil,Chemigation/ Shank injection/ Drench,"Chemigation low-pressure drip, trickle, micro-sprinkler, Shank or subsurface side-dress injection; At-transplant/ Post-transplant drench",Post-emergence,When pests occur,0.365,1,0.365,1,0.365,NS,30,"Chemigation into root zone through low-pressure drip, trickle, micro-sprinkler or equiv. equipment; At-transplant drench followimg setting and covering; Post-transplant drench; Shank or subsurface side-dress, injected to a depth just above or just within the root zone and between the trunk and drip line of the tree canopy. Apply product in a min. of 10 gals/A using multiple shanks on both sides of trees. Ensure product placement is below sod or orchard floor debris. Irrigation covering entire treated area should follow within 48 hours to promote uptake by root system",1,"NY restriction flupyradifurone: Not for sale, distribution or use in Nassau and Suffolk Counties (except under FIFRA 24(c)/SLN)",,,,
264-REUN,SL,SIVANTO 300 SL,"Tropical and Subtropical, Cactus, Inedible Peel (Subgroup 24D)",Agricultural (Outdoor),Foliar,Broadcast,"ground sprayers, fixed or rotary winged aircraft, or through properly designed, sprinkler-type overhead chemigation equipment",Post-emergence,When pests occur,0.183,NS,0.365,NS,0.365,7,21,Minimum application volume: 75 Gallons/Acre,1,"NY restriction flupyradifurone: No aerial application in New York State. Not for sale, distribution or use in Nassau and Suffolk Counties (except under FIFRA 24(c)/SLN)","Max Release Height (ft): 10

ASABE Droplet Size: Coarse",N/A,"Pollinators: recommended that foliar insecticides are applied late in the afternoon, evening, or at night outside of daily peak foraging periods.Do not apply to crop foliage during foraging by alfalfa leafcutting bees used for pollination services.",DO NOT tank mix with azole fungicides (FRAC group 3) during bloom period; No aerial application in New York State. Do not apply by Aerial Application
264-REUN,SL,SIVANTO 300 SL,"Tropical and Subtropical, Medium to Large Fruit, Smooth, Inedible Peep (Subgrop 24B)",Agricultural (Outdoor),Foliar,Broadcast,"ground sprayers, fixed or rotary winged aircraft, or through properly designed, sprinkler-type overhead chemigation equipment",Post-emergence,When pests occur,0.183,2,0.365,2,0.365,7 days pomegranate; 14 day  other listed crops,0 day pomegranate; 1 day other listed crops,Minimum Application Volume: 25 Gallons/Acre - Ground; 10 Gallons/Acre - Aerial,1,"NY restriction flupyradifurone: No aerial application in New York State. Not for sale, distribution or use in Nassau and Suffolk Counties (except under FIFRA 24(c)/SLN)","Max Release Height (ft): 10

ASABE Droplet Size: Coarse",N/A,"Pollinators: recommended that foliar insecticides are applied late in the afternoon, evening, or at night outside of daily peak foraging periods.Do not apply to crop foliage during foraging by alfalfa leafcutting bees used for pollination services.",DO NOT tank mix with azole fungicides (FRAC group 3) during bloom period; No aerial application in New York State.
264-REUN,SL,SIVANTO 300 SL,"Tropical and Subtropical, Palm Fruit, Edible Peel (Subgroup 23C)",Agricultural (Outdoor),Foliar,Broadcast,"ground sprayers, fixed or rotary winged aircraft, or through properly designed, sprinkler-type overhead chemigation equipment",Post-emergence,When pests occur,0.183,4,0.365,4,0.365,10,15,Minimum Application Volume: 10 Gallons/Acre - Ground; 3 Gallons/Acre - Aerial,1,"NY restriction flupyradifurone: No aerial application in New York State. Not for sale, distribution or use in Nassau and Suffolk Counties (except under FIFRA 24(c)/SLN)","Max Release Height (ft): 10

ASABE Droplet Size: Coarse",N/A,"Pollinators: recommended that foliar insecticides are applied late in the afternoon, evening, or at night outside of daily peak foraging periods.Do not apply to crop foliage during foraging by alfalfa leafcutting bees used for pollination services.",DO NOT tank mix with azole fungicides (FRAC group 3) during bloom period; No aerial application in New York State.
264-REUN,SL,SIVANTO 300 SL,Tuberous and Corm Vegetables (Subgroup 1C),Agricultural (Outdoor),Foliar,Broadcast,"ground sprayers, fixed or rotary winged aircraft, or through properly designed, sprinkler-type overhead chemigation equipment",Post-emergence,When pests occur,0.183,4,0.365,4,0.365,7,7,Minimum Application Volume: 10 Gallons/Acre - Ground; 3 Gallons/Acre - Aerial,1,"NY restriction flupyradifurone: No aerial application in New York State. Not for sale, distribution or use in Nassau and Suffolk Counties (except under FIFRA 24(c)/SLN)","Max Release Height (ft): 10

ASABE Droplet Size: Coarse",N/A,"Pollinators: recommended that foliar insecticides are applied late in the afternoon, evening, or at night outside of daily peak foraging periods.Do not apply to crop foliage during foraging by alfalfa leafcutting bees used for pollination services.",DO NOT tank mix with azole fungicides (FRAC group 3) during bloom period; No aerial application in New York State.
264-REUN,SL,SIVANTO 300 SL,Tuberous and Corm Vegetables (Subgroup 1C),Agricultural (Outdoor),Soil,Chemigation/ Drench/ In-furrow/ Injection,"Chemigation low-pressure drip, trickle, micro-sprinkler or equiv. equipment; Drench at transplant or post-transplant drench; Injection or in-furrow spray for planting",Pre-emergence/ Post-emergence,When pests occur,0.365,1,0.365,1,0.365,NS,NS,"May be applied at the specified dosage by the following methods: Injection below the eventual seed row prior to planting. Place product 3 - 4 inches below seed-line; In-furrow spray during planting; Chemigation into root-zone through low-pressure drip, trickle, micro-sprinkler or equiv. equipment; Drench at transplanting; Post-transplant drench following setting and covering",1,"NY restriction flupyradifurone: No aerial application in New York State. Not for sale, distribution or use in Nassau and Suffolk Counties (except under FIFRA 24(c)/SLN)","Max Release Height (ft): 10

ASABE Droplet Size: Coarse",For injection: Place product 3-4 inches below seed line,"Pollinators: recommended that foliar insecticides are applied late in the afternoon, evening, or at night outside of daily peak foraging periods.Do not apply to crop foliage during foraging by alfalfa leafcutting bees used for pollination services.",DO NOT tank mix with azole fungicides (FRAC group 3) during bloom period; No aerial application in New York State.
264-1142,FS,BYI 02960 480 FS,Soybean,Agricultural (Outdoor),Seed Treatment,Seed Treatment,seed treatment,Pre-Emergent,Treatment of seed,0.02,1,0.365,1,0.365,NS,NS,,1,"NY restriction flupyradifurone: Not for sale, distribution or use in Nassau and Suffolk Counties (except under FIFRA 24(c)/SLN)",N/A,N/A,Highly toxic to adult Megachile rotundata (alfalfa leafcutting bee) via direct contact exposure. Do not apply to foliage when managed alfalfa leaf cutting bees are foraging in the treatment area.,"Only for use in commercial seed treatment facilities. Not for use in hopper box, planter box, slurry box, or other on-farm seed treatment applications"
264-1142,FS,BYI 02960 480 FS,Canola,Agricultural (Outdoor),Seed Treatment,Seed Treatment,seed treatment,Pre-Emergent,Treatment of seed,0.025,1,0.274,1,0.274,NS,NS,,1,"NY restriction flupyradifurone: Not for sale, distribution or use in Nassau and Suffolk Counties (except under FIFRA 24(c)/SLN)",N/A,N/A,Highly toxic to adult Megachile rotundata (alfalfa leafcutting bee) via direct contact exposure. Do not apply to foliage when managed alfalfa leaf cutting bees are foraging in the treatment area.,"Only for use in commercial seed treatment facilities. Not for use in hopper box, planter box, slurry box, or other on-farm seed treatment applications"
